[debug] [2026-05-19T08:27:19.349Z] ----------------------------------------------------------------------
[debug] [2026-05-19T08:27:19.352Z] Command:       C:\Program Files\nodejs\node.exe C:\Users\gy554\AppData\Roaming\npm\node_modules\firebase-tools\lib\bin\firebase.js deploy --only hosting,firestore:rules,storage,functions --project travelframe-4e1fb
[debug] [2026-05-19T08:27:19.352Z] CLI Version:   15.18.0
[debug] [2026-05-19T08:27:19.352Z] Platform:      win32
[debug] [2026-05-19T08:27:19.352Z] Node Version:  v20.19.4
[debug] [2026-05-19T08:27:19.353Z] Time:          Tue May 19 2026 17:27:19 GMT+0900 (대한민국 표준시)
[debug] [2026-05-19T08:27:19.353Z] ----------------------------------------------------------------------
[debug] 
[debug] [2026-05-19T08:27:19.355Z] >>> [apiv2][query] GET https://firebase-public.firebaseio.com/cli.json [none]
[debug] [2026-05-19T08:27:22.030Z] > command requires scopes: ["email","openid","https://www.googleapis.com/auth/cloudplatformprojects.readonly","https://www.googleapis.com/auth/firebase","https://www.googleapis.com/auth/cloud-platform"]
[debug] [2026-05-19T08:27:22.030Z] > authorizing via signed-in user (asdlkj0104@gmail.com)
[debug] [2026-05-19T08:27:22.030Z] [iam] checking project travelframe-4e1fb for permissions ["cloudfunctions.functions.create","cloudfunctions.functions.delete","cloudfunctions.functions.get","cloudfunctions.functions.list","cloudfunctions.functions.update","cloudfunctions.operations.get","datastore.indexes.create","datastore.indexes.delete","datastore.indexes.list","datastore.indexes.update","firebase.projects.get","firebasehosting.sites.update","firebaserules.releases.create","firebaserules.releases.update","firebaserules.rulesets.create"]
[debug] [2026-05-19T08:27:22.031Z] Checked if tokens are valid: false, expires at: 1779095660677
[debug] [2026-05-19T08:27:22.031Z] Checked if tokens are valid: false, expires at: 1779095660677
[debug] [2026-05-19T08:27:22.031Z] > refreshing access token with scopes: []
[debug] [2026-05-19T08:27:22.032Z] >>> [apiv2][query] POST https://www.googleapis.com/oauth2/v3/token [none]
[debug] [2026-05-19T08:27:22.032Z] >>> [apiv2][body] POST https://www.googleapis.com/oauth2/v3/token [omitted]
[debug] [2026-05-19T08:27:22.239Z] <<< [apiv2][status] POST https://www.googleapis.com/oauth2/v3/token 200
[debug] [2026-05-19T08:27:22.239Z] <<< [apiv2][body] POST https://www.googleapis.com/oauth2/v3/token [omitted]
[debug] [2026-05-19T08:27:22.246Z] >>> [apiv2][query] POST https://cloudresourcemanager.googleapis.com/v1/projects/travelframe-4e1fb:testIamPermissions [none]
[debug] [2026-05-19T08:27:22.247Z] >>> [apiv2][(partial)header] POST https://cloudresourcemanager.googleapis.com/v1/projects/travelframe-4e1fb:testIamPermissions  x-goog-user-project=travelframe-4e1fb
[debug] [2026-05-19T08:27:22.247Z] >>> [apiv2][body] POST https://cloudresourcemanager.googleapis.com/v1/projects/travelframe-4e1fb:testIamPermissions {"permissions":["cloudfunctions.functions.create","cloudfunctions.functions.delete","cloudfunctions.functions.get","cloudfunctions.functions.list","cloudfunctions.functions.update","cloudfunctions.operations.get","datastore.indexes.create","datastore.indexes.delete","datastore.indexes.list","datastore.indexes.update","firebase.projects.get","firebasehosting.sites.update","firebaserules.releases.create","firebaserules.releases.update","firebaserules.rulesets.create"]}
[debug] [2026-05-19T08:27:22.400Z] <<< [apiv2][status] GET https://firebase-public.firebaseio.com/cli.json 200
[debug] [2026-05-19T08:27:22.400Z] <<< [apiv2][body] GET https://firebase-public.firebaseio.com/cli.json {"cloudBuildErrorAfter":1594252800000,"cloudBuildWarnAfter":1590019200000,"defaultNode10After":1594252800000,"minVersion":"3.0.5","node8DeploysDisabledAfter":1613390400000,"node8RuntimeDisabledAfter":1615809600000,"node8WarnAfter":1600128000000}
[debug] [2026-05-19T08:27:22.462Z] <<< [apiv2][status] POST https://cloudresourcemanager.googleapis.com/v1/projects/travelframe-4e1fb:testIamPermissions 200
[debug] [2026-05-19T08:27:22.462Z] <<< [apiv2][body] POST https://cloudresourcemanager.googleapis.com/v1/projects/travelframe-4e1fb:testIamPermissions {"permissions":["cloudfunctions.functions.create","cloudfunctions.functions.delete","cloudfunctions.functions.get","cloudfunctions.functions.list","cloudfunctions.functions.update","cloudfunctions.operations.get","datastore.indexes.create","datastore.indexes.delete","datastore.indexes.list","datastore.indexes.update","firebase.projects.get","firebasehosting.sites.update","firebaserules.releases.create","firebaserules.releases.update","firebaserules.rulesets.create"]}
[debug] [2026-05-19T08:27:22.462Z] Checked if tokens are valid: true, expires at: 1779182841239
[debug] [2026-05-19T08:27:22.462Z] Checked if tokens are valid: true, expires at: 1779182841239
[debug] [2026-05-19T08:27:22.463Z] >>> [apiv2][query] POST https://iam.googleapis.com/v1/projects/travelframe-4e1fb/serviceAccounts/travelframe-4e1fb@appspot.gserviceaccount.com:testIamPermissions [none]
[debug] [2026-05-19T08:27:22.463Z] >>> [apiv2][body] POST https://iam.googleapis.com/v1/projects/travelframe-4e1fb/serviceAccounts/travelframe-4e1fb@appspot.gserviceaccount.com:testIamPermissions {"permissions":["iam.serviceAccounts.actAs"]}
[debug] [2026-05-19T08:27:23.500Z] <<< [apiv2][status] POST https://iam.googleapis.com/v1/projects/travelframe-4e1fb/serviceAccounts/travelframe-4e1fb@appspot.gserviceaccount.com:testIamPermissions 200
[debug] [2026-05-19T08:27:23.500Z] <<< [apiv2][body] POST https://iam.googleapis.com/v1/projects/travelframe-4e1fb/serviceAccounts/travelframe-4e1fb@appspot.gserviceaccount.com:testIamPermissions {"permissions":["iam.serviceAccounts.actAs"]}
[debug] [2026-05-19T08:27:23.501Z] Checked if tokens are valid: true, expires at: 1779182841239
[debug] [2026-05-19T08:27:23.501Z] Checked if tokens are valid: true, expires at: 1779182841239
[debug] [2026-05-19T08:27:23.501Z] >>> [apiv2][query] GET https://firebase.googleapis.com/v1beta1/projects/travelframe-4e1fb [none]
[debug] [2026-05-19T08:27:23.983Z] <<< [apiv2][status] GET https://firebase.googleapis.com/v1beta1/projects/travelframe-4e1fb 200
[debug] [2026-05-19T08:27:23.984Z] <<< [apiv2][body] GET https://firebase.googleapis.com/v1beta1/projects/travelframe-4e1fb {"projectId":"travelframe-4e1fb","projectNumber":"453199311544","displayName":"TravelFrame","name":"projects/travelframe-4e1fb","resources":{"hostingSite":"travelframe-4e1fb"},"state":"ACTIVE","etag":"1_e032f248-70d6-4597-bb6c-4526f38ca60f"}
[info] 
[info] === Deploying to 'travelframe-4e1fb'...
[info] 
[info] i  deploying storage, firestore, functions, hosting 
[info] i  storage: ensuring required API firebasestorage.googleapis.com is enabled... 
[debug] [2026-05-19T08:27:23.988Z] Checked if tokens are valid: true, expires at: 1779182841239
[debug] [2026-05-19T08:27:23.988Z] Checked if tokens are valid: true, expires at: 1779182841239
[debug] [2026-05-19T08:27:23.988Z] >>> [apiv2][query] GET https://firebasestorage.googleapis.com/v1alpha/projects/travelframe-4e1fb/defaultBucket [none]
[debug] [2026-05-19T08:27:25.759Z] <<< [apiv2][status] GET https://firebasestorage.googleapis.com/v1alpha/projects/travelframe-4e1fb/defaultBucket 200
[debug] [2026-05-19T08:27:25.759Z] <<< [apiv2][body] GET https://firebasestorage.googleapis.com/v1alpha/projects/travelframe-4e1fb/defaultBucket {"name":"projects/travelframe-4e1fb/defaultBucket","location":"US-WEST1","bucket":{"name":"projects/travelframe-4e1fb/buckets/travelframe-4e1fb.firebasestorage.app"},"storageClass":"REGIONAL"}
[info] i  firebase.storage: checking storage.rules for compilation errors... 
[debug] [2026-05-19T08:27:25.762Z] Checked if tokens are valid: true, expires at: 1779182841239
[debug] [2026-05-19T08:27:25.762Z] Checked if tokens are valid: true, expires at: 1779182841239
[debug] [2026-05-19T08:27:25.762Z] >>> [apiv2][query] POST https://firebaserules.googleapis.com/v1/projects/travelframe-4e1fb:test [none]
[debug] [2026-05-19T08:27:25.762Z] >>> [apiv2][body] POST https://firebaserules.googleapis.com/v1/projects/travelframe-4e1fb:test [omitted]
[debug] [2026-05-19T08:27:27.052Z] <<< [apiv2][status] POST https://firebaserules.googleapis.com/v1/projects/travelframe-4e1fb:test 200
[debug] [2026-05-19T08:27:27.052Z] <<< [apiv2][body] POST https://firebaserules.googleapis.com/v1/projects/travelframe-4e1fb:test {}
[info] +  firebase.storage: rules file storage.rules compiled successfully 
[info] i  firestore: ensuring required API firestore.googleapis.com is enabled... 
[info] i  firestore: ensuring required API firestore.googleapis.com is enabled... 
[debug] [2026-05-19T08:27:27.054Z] Checked if tokens are valid: true, expires at: 1779182841239
[debug] [2026-05-19T08:27:27.054Z] Checked if tokens are valid: true, expires at: 1779182841239
[debug] [2026-05-19T08:27:27.054Z] >>> [apiv2][query] GET https://firestore.googleapis.com/v1/projects/travelframe-4e1fb/databases/(default) [none]
[debug] [2026-05-19T08:27:27.195Z] <<< [apiv2][status] GET https://firestore.googleapis.com/v1/projects/travelframe-4e1fb/databases/(default) 200
[debug] [2026-05-19T08:27:27.195Z] <<< [apiv2][body] GET https://firestore.googleapis.com/v1/projects/travelframe-4e1fb/databases/(default) {"name":"projects/travelframe-4e1fb/databases/(default)","uid":"33d8a9bd-8f9f-4825-b885-6e90618638c7","createTime":"2026-05-14T05:15:57.164459Z","updateTime":"2026-05-14T05:15:57.164459Z","locationId":"asia-northeast3","type":"FIRESTORE_NATIVE","concurrencyMode":"PESSIMISTIC","versionRetentionPeriod":"3600s","earliestVersionTime":"2026-05-19T07:27:27.381933Z","appEngineIntegrationMode":"DISABLED","keyPrefix":"v","pointInTimeRecoveryEnablement":"POINT_IN_TIME_RECOVERY_DISABLED","deleteProtectionState":"DELETE_PROTECTION_DISABLED","databaseEdition":"STANDARD","freeTier":true,"realtimeUpdatesMode":"REALTIME_UPDATES_MODE_ENABLED","etag":"IJHXoJj3xJQDMIGoyKiOupQD"}
[info] i  cloud.firestore: checking firestore.rules for compilation errors... 
[debug] [2026-05-19T08:27:27.279Z] Checked if tokens are valid: true, expires at: 1779182841239
[debug] [2026-05-19T08:27:27.279Z] Checked if tokens are valid: true, expires at: 1779182841239
[debug] [2026-05-19T08:27:27.279Z] >>> [apiv2][query] POST https://firebaserules.googleapis.com/v1/projects/travelframe-4e1fb:test [none]
[debug] [2026-05-19T08:27:27.279Z] >>> [apiv2][body] POST https://firebaserules.googleapis.com/v1/projects/travelframe-4e1fb:test [omitted]
[debug] [2026-05-19T08:27:27.674Z] <<< [apiv2][status] POST https://firebaserules.googleapis.com/v1/projects/travelframe-4e1fb:test 200
[debug] [2026-05-19T08:27:27.674Z] <<< [apiv2][body] POST https://firebaserules.googleapis.com/v1/projects/travelframe-4e1fb:test {}
[info] +  cloud.firestore: rules file firestore.rules compiled successfully 
[debug] [2026-05-19T08:27:27.675Z] Checked if tokens are valid: true, expires at: 1779182841239
[debug] [2026-05-19T08:27:27.675Z] Checked if tokens are valid: true, expires at: 1779182841239
[debug] [2026-05-19T08:27:27.676Z] >>> [apiv2][query] GET https://cloudresourcemanager.googleapis.com/v1/projects/travelframe-4e1fb [none]
[debug] [2026-05-19T08:27:27.961Z] <<< [apiv2][status] GET https://cloudresourcemanager.googleapis.com/v1/projects/travelframe-4e1fb 200
[debug] [2026-05-19T08:27:27.961Z] <<< [apiv2][body] GET https://cloudresourcemanager.googleapis.com/v1/projects/travelframe-4e1fb {"projectNumber":"453199311544","projectId":"travelframe-4e1fb","lifecycleState":"ACTIVE","name":"TravelFrame","labels":{"firebase":"enabled","firebase-core":"disabled"},"createTime":"2026-05-14T05:12:41.055Z"}
[info] i  functions: preparing codebase default for deployment 
[info] i  functions: ensuring required API cloudfunctions.googleapis.com is enabled... 
[info] i  functions: ensuring required API cloudbuild.googleapis.com is enabled... 
[info] i  artifactregistry: ensuring required API artifactregistry.googleapis.com is enabled... 
[debug] [2026-05-19T08:27:27.963Z] Checked if tokens are valid: true, expires at: 1779182841239
[debug] [2026-05-19T08:27:27.963Z] Checked if tokens are valid: true, expires at: 1779182841239
[debug] [2026-05-19T08:27:27.963Z] >>> [apiv2][query] GET https://firebase.googleapis.com/v1beta1/projects/travelframe-4e1fb/adminSdkConfig [none]
[debug] [2026-05-19T08:27:29.054Z] <<< [apiv2][status] GET https://firebase.googleapis.com/v1beta1/projects/travelframe-4e1fb/adminSdkConfig 200
[debug] [2026-05-19T08:27:29.054Z] <<< [apiv2][body] GET https://firebase.googleapis.com/v1beta1/projects/travelframe-4e1fb/adminSdkConfig {"projectId":"travelframe-4e1fb","storageBucket":"travelframe-4e1fb.firebasestorage.app"}
[debug] [2026-05-19T08:27:29.055Z] Checked if tokens are valid: true, expires at: 1779182841239
[debug] [2026-05-19T08:27:29.055Z] Checked if tokens are valid: true, expires at: 1779182841239
[debug] [2026-05-19T08:27:29.055Z] >>> [apiv2][query] GET https://runtimeconfig.googleapis.com/v1beta1/projects/travelframe-4e1fb/configs [none]
[debug] [2026-05-19T08:27:29.595Z] <<< [apiv2][status] GET https://runtimeconfig.googleapis.com/v1beta1/projects/travelframe-4e1fb/configs 200
[debug] [2026-05-19T08:27:29.595Z] <<< [apiv2][body] GET https://runtimeconfig.googleapis.com/v1beta1/projects/travelframe-4e1fb/configs {}
[debug] [2026-05-19T08:27:29.596Z] Validating nodejs source
[warn] !  functions: Runtime Node.js 20 was deprecated on 2026-04-30 and will be decommissioned on 2026-10-30, after which you will not be able to deploy without upgrading. Consider upgrading now to avoid disruption. See https://cloud.google.com/functions/docs/runtime-support for full details on the lifecycle policy 
[warn] !  functions: Couldn't find firebase-functions package in your source code. Have you run 'npm install'? 
[debug] [2026-05-19T08:27:29.597Z] getFunctionsSDKVersion encountered error: Cannot find module 'firebase-functions'
Require stack:
- C:\Users\gy554\AppData\Roaming\npm\node_modules\firebase-tools\lib\deploy\functions\runtimes\node\versioning.js
- C:\Users\gy554\AppData\Roaming\npm\node_modules\firebase-tools\lib\deploy\functions\runtimes\node\index.js
- C:\Users\gy554\AppData\Roaming\npm\node_modules\firebase-tools\lib\deploy\functions\runtimes\index.js
- C:\Users\gy554\AppData\Roaming\npm\node_modules\firebase-tools\lib\deploy\functions\prepare.js
- C:\Users\gy554\AppData\Roaming\npm\node_modules\firebase-tools\lib\emulator\functionsEmulatorShared.js
- C:\Users\gy554\AppData\Roaming\npm\node_modules\firebase-tools\lib\frameworks\index.js
- C:\Users\gy554\AppData\Roaming\npm\node_modules\firebase-tools\lib\deploy\hosting\prepare.js
- C:\Users\gy554\AppData\Roaming\npm\node_modules\firebase-tools\lib\deploy\hosting\index.js
- C:\Users\gy554\AppData\Roaming\npm\node_modules\firebase-tools\lib\deploy\index.js
- C:\Users\gy554\AppData\Roaming\npm\node_modules\firebase-tools\lib\commands\deploy.js
- C:\Users\gy554\AppData\Roaming\npm\node_modules\firebase-tools\lib\commands\index.js
- C:\Users\gy554\AppData\Roaming\npm\node_modules\firebase-tools\lib\index.js
- C:\Users\gy554\AppData\Roaming\npm\node_modules\firebase-tools\lib\bin\cli.js
- C:\Users\gy554\AppData\Roaming\npm\node_modules\firebase-tools\lib\bin\firebase.js {"code":"MODULE_NOT_FOUND","requireStack":["C:\\Users\\gy554\\AppData\\Roaming\\npm\\node_modules\\firebase-tools\\lib\\deploy\\functions\\runtimes\\node\\versioning.js","C:\\Users\\gy554\\AppData\\Roaming\\npm\\node_modules\\firebase-tools\\lib\\deploy\\functions\\runtimes\\node\\index.js","C:\\Users\\gy554\\AppData\\Roaming\\npm\\node_modules\\firebase-tools\\lib\\deploy\\functions\\runtimes\\index.js","C:\\Users\\gy554\\AppData\\Roaming\\npm\\node_modules\\firebase-tools\\lib\\deploy\\functions\\prepare.js","C:\\Users\\gy554\\AppData\\Roaming\\npm\\node_modules\\firebase-tools\\lib\\emulator\\functionsEmulatorShared.js","C:\\Users\\gy554\\AppData\\Roaming\\npm\\node_modules\\firebase-tools\\lib\\frameworks\\index.js","C:\\Users\\gy554\\AppData\\Roaming\\npm\\node_modules\\firebase-tools\\lib\\deploy\\hosting\\prepare.js","C:\\Users\\gy554\\AppData\\Roaming\\npm\\node_modules\\firebase-tools\\lib\\deploy\\hosting\\index.js","C:\\Users\\gy554\\AppData\\Roaming\\npm\\node_modules\\firebase-tools\\lib\\deploy\\index.js","C:\\Users\\gy554\\AppData\\Roaming\\npm\\node_modules\\firebase-tools\\lib\\commands\\deploy.js","C:\\Users\\gy554\\AppData\\Roaming\\npm\\node_modules\\firebase-tools\\lib\\commands\\index.js","C:\\Users\\gy554\\AppData\\Roaming\\npm\\node_modules\\firebase-tools\\lib\\index.js","C:\\Users\\gy554\\AppData\\Roaming\\npm\\node_modules\\firebase-tools\\lib\\bin\\cli.js","C:\\Users\\gy554\\AppData\\Roaming\\npm\\node_modules\\firebase-tools\\lib\\bin\\firebase.js"]}
[debug] [2026-05-19T08:27:29.597Z] checkFunctionsSDKVersion encountered error: Invalid Version:  {}
[debug] [2026-05-19T08:27:29.598Z] > [functions] package.json contents: {
  "name": "travelframe-functions",
  "private": true,
  "engines": {
    "node": "20"
  },
  "main": "index.js",
  "dependencies": {
    "firebase-admin": "^12.7.0",
    "firebase-functions": "^6.2.0"
  }
}
[debug] [2026-05-19T08:27:29.598Z] Building nodejs source
[info] i  functions: Loading and analyzing source code for codebase default to determine what to deploy 
[debug] [2026-05-19T08:27:29.598Z] Could not parse firebase-functions version '' into semver.
[debug] [2026-05-19T08:27:29.599Z] Could not find functions.yaml. Must use http discovery
[debug] [2026-05-19T08:27:29.606Z] Error: Cannot find module 'firebase-functions'
Require stack:
- C:\Users\gy554\AppData\Roaming\npm\node_modules\firebase-tools\lib\deploy\functions\runtimes\node\index.js
- C:\Users\gy554\AppData\Roaming\npm\node_modules\firebase-tools\lib\deploy\functions\runtimes\index.js
- C:\Users\gy554\AppData\Roaming\npm\node_modules\firebase-tools\lib\deploy\functions\prepare.js
- C:\Users\gy554\AppData\Roaming\npm\node_modules\firebase-tools\lib\emulator\functionsEmulatorShared.js
- C:\Users\gy554\AppData\Roaming\npm\node_modules\firebase-tools\lib\frameworks\index.js
- C:\Users\gy554\AppData\Roaming\npm\node_modules\firebase-tools\lib\deploy\hosting\prepare.js
- C:\Users\gy554\AppData\Roaming\npm\node_modules\firebase-tools\lib\deploy\hosting\index.js
- C:\Users\gy554\AppData\Roaming\npm\node_modules\firebase-tools\lib\deploy\index.js
- C:\Users\gy554\AppData\Roaming\npm\node_modules\firebase-tools\lib\commands\deploy.js
- C:\Users\gy554\AppData\Roaming\npm\node_modules\firebase-tools\lib\commands\index.js
- C:\Users\gy554\AppData\Roaming\npm\node_modules\firebase-tools\lib\index.js
- C:\Users\gy554\AppData\Roaming\npm\node_modules\firebase-tools\lib\bin\cli.js
- C:\Users\gy554\AppData\Roaming\npm\node_modules\firebase-tools\lib\bin\firebase.js
    at Module._resolveFilename (node:internal/modules/cjs/loader:1212:15)
    at Function.resolve (node:internal/modules/helpers:193:19)
    at Delegate.findFunctionsBinary (C:\Users\gy554\AppData\Roaming\npm\node_modules\firebase-tools\lib\deploy\functions\runtimes\node\index.js:101:33)
    at Delegate.spawnFunctionsProcess (C:\Users\gy554\AppData\Roaming\npm\node_modules\firebase-tools\lib\deploy\functions\runtimes\node\index.js:131:30)
    at Delegate.serveAdmin (C:\Users\gy554\AppData\Roaming\npm\node_modules\firebase-tools\lib\deploy\functions\runtimes\node\index.js:152:35)
    at Delegate.discoverBuild (C:\Users\gy554\AppData\Roaming\npm\node_modules\firebase-tools\lib\deploy\functions\runtimes\node\index.js:192:41)
    at process.processTicksAndRejections (node:internal/process/task_queues:95:5)
    at async loadCodebases (C:\Users\gy554\AppData\Roaming\npm\node_modules\firebase-tools\lib\deploy\functions\prepare.js:491:33)
    at async prepare (C:\Users\gy554\AppData\Roaming\npm\node_modules\firebase-tools\lib\deploy\functions\prepare.js:80:24)
    at async chain (C:\Users\gy554\AppData\Roaming\npm\node_modules\firebase-tools\lib\deploy\index.js:45:9)
[error] 
[error] Error: An unexpected error has occurred.
[debug] [2026-05-19T08:29:17.505Z] ----------------------------------------------------------------------
[debug] [2026-05-19T08:29:17.507Z] Command:       C:\Program Files\nodejs\node.exe C:\Users\gy554\AppData\Roaming\npm\node_modules\firebase-tools\lib\bin\firebase.js deploy --only hosting,firestore:rules,storage,functions --project travelframe-4e1fb
[debug] [2026-05-19T08:29:17.508Z] CLI Version:   15.18.0
[debug] [2026-05-19T08:29:17.508Z] Platform:      win32
[debug] [2026-05-19T08:29:17.508Z] Node Version:  v20.19.4
[debug] [2026-05-19T08:29:17.508Z] Time:          Tue May 19 2026 17:29:17 GMT+0900 (대한민국 표준시)
[debug] [2026-05-19T08:29:17.508Z] ----------------------------------------------------------------------
[debug] 
[debug] [2026-05-19T08:29:18.951Z] > command requires scopes: ["email","openid","https://www.googleapis.com/auth/cloudplatformprojects.readonly","https://www.googleapis.com/auth/firebase","https://www.googleapis.com/auth/cloud-platform"]
[debug] [2026-05-19T08:29:18.952Z] > authorizing via signed-in user (asdlkj0104@gmail.com)
[debug] [2026-05-19T08:29:18.952Z] [iam] checking project travelframe-4e1fb for permissions ["cloudfunctions.functions.create","cloudfunctions.functions.delete","cloudfunctions.functions.get","cloudfunctions.functions.list","cloudfunctions.functions.update","cloudfunctions.operations.get","datastore.indexes.create","datastore.indexes.delete","datastore.indexes.list","datastore.indexes.update","firebase.projects.get","firebasehosting.sites.update","firebaserules.releases.create","firebaserules.releases.update","firebaserules.rulesets.create"]
[debug] [2026-05-19T08:29:18.953Z] Checked if tokens are valid: true, expires at: 1779182841239
[debug] [2026-05-19T08:29:18.953Z] Checked if tokens are valid: true, expires at: 1779182841239
[debug] [2026-05-19T08:29:18.954Z] >>> [apiv2][query] POST https://cloudresourcemanager.googleapis.com/v1/projects/travelframe-4e1fb:testIamPermissions [none]
[debug] [2026-05-19T08:29:18.954Z] >>> [apiv2][(partial)header] POST https://cloudresourcemanager.googleapis.com/v1/projects/travelframe-4e1fb:testIamPermissions  x-goog-user-project=travelframe-4e1fb
[debug] [2026-05-19T08:29:18.954Z] >>> [apiv2][body] POST https://cloudresourcemanager.googleapis.com/v1/projects/travelframe-4e1fb:testIamPermissions {"permissions":["cloudfunctions.functions.create","cloudfunctions.functions.delete","cloudfunctions.functions.get","cloudfunctions.functions.list","cloudfunctions.functions.update","cloudfunctions.operations.get","datastore.indexes.create","datastore.indexes.delete","datastore.indexes.list","datastore.indexes.update","firebase.projects.get","firebasehosting.sites.update","firebaserules.releases.create","firebaserules.releases.update","firebaserules.rulesets.create"]}
[debug] [2026-05-19T08:29:19.227Z] <<< [apiv2][status] POST https://cloudresourcemanager.googleapis.com/v1/projects/travelframe-4e1fb:testIamPermissions 200
[debug] [2026-05-19T08:29:19.228Z] <<< [apiv2][body] POST https://cloudresourcemanager.googleapis.com/v1/projects/travelframe-4e1fb:testIamPermissions {"permissions":["cloudfunctions.functions.create","cloudfunctions.functions.delete","cloudfunctions.functions.get","cloudfunctions.functions.list","cloudfunctions.functions.update","cloudfunctions.operations.get","datastore.indexes.create","datastore.indexes.delete","datastore.indexes.list","datastore.indexes.update","firebase.projects.get","firebasehosting.sites.update","firebaserules.releases.create","firebaserules.releases.update","firebaserules.rulesets.create"]}
[debug] [2026-05-19T08:29:19.228Z] Checked if tokens are valid: true, expires at: 1779182841239
[debug] [2026-05-19T08:29:19.228Z] Checked if tokens are valid: true, expires at: 1779182841239
[debug] [2026-05-19T08:29:19.228Z] >>> [apiv2][query] POST https://iam.googleapis.com/v1/projects/travelframe-4e1fb/serviceAccounts/travelframe-4e1fb@appspot.gserviceaccount.com:testIamPermissions [none]
[debug] [2026-05-19T08:29:19.228Z] >>> [apiv2][body] POST https://iam.googleapis.com/v1/projects/travelframe-4e1fb/serviceAccounts/travelframe-4e1fb@appspot.gserviceaccount.com:testIamPermissions {"permissions":["iam.serviceAccounts.actAs"]}
[debug] [2026-05-19T08:29:19.544Z] <<< [apiv2][status] POST https://iam.googleapis.com/v1/projects/travelframe-4e1fb/serviceAccounts/travelframe-4e1fb@appspot.gserviceaccount.com:testIamPermissions 200
[debug] [2026-05-19T08:29:19.545Z] <<< [apiv2][body] POST https://iam.googleapis.com/v1/projects/travelframe-4e1fb/serviceAccounts/travelframe-4e1fb@appspot.gserviceaccount.com:testIamPermissions {"permissions":["iam.serviceAccounts.actAs"]}
[debug] [2026-05-19T08:29:19.545Z] Checked if tokens are valid: true, expires at: 1779182841239
[debug] [2026-05-19T08:29:19.545Z] Checked if tokens are valid: true, expires at: 1779182841239
[debug] [2026-05-19T08:29:19.545Z] >>> [apiv2][query] GET https://firebase.googleapis.com/v1beta1/projects/travelframe-4e1fb [none]
[debug] [2026-05-19T08:29:19.942Z] <<< [apiv2][status] GET https://firebase.googleapis.com/v1beta1/projects/travelframe-4e1fb 200
[debug] [2026-05-19T08:29:19.942Z] <<< [apiv2][body] GET https://firebase.googleapis.com/v1beta1/projects/travelframe-4e1fb {"projectId":"travelframe-4e1fb","projectNumber":"453199311544","displayName":"TravelFrame","name":"projects/travelframe-4e1fb","resources":{"hostingSite":"travelframe-4e1fb"},"state":"ACTIVE","etag":"1_e032f248-70d6-4597-bb6c-4526f38ca60f"}
[info] 
[info] === Deploying to 'travelframe-4e1fb'...
[info] 
[info] i  deploying storage, firestore, functions, hosting 
[info] i  storage: ensuring required API firebasestorage.googleapis.com is enabled... 
[debug] [2026-05-19T08:29:19.945Z] Checked if tokens are valid: true, expires at: 1779182841239
[debug] [2026-05-19T08:29:19.945Z] Checked if tokens are valid: true, expires at: 1779182841239
[debug] [2026-05-19T08:29:19.945Z] >>> [apiv2][query] GET https://firebasestorage.googleapis.com/v1alpha/projects/travelframe-4e1fb/defaultBucket [none]
[debug] [2026-05-19T08:29:21.286Z] <<< [apiv2][status] GET https://firebasestorage.googleapis.com/v1alpha/projects/travelframe-4e1fb/defaultBucket 200
[debug] [2026-05-19T08:29:21.286Z] <<< [apiv2][body] GET https://firebasestorage.googleapis.com/v1alpha/projects/travelframe-4e1fb/defaultBucket {"name":"projects/travelframe-4e1fb/defaultBucket","location":"US-WEST1","bucket":{"name":"projects/travelframe-4e1fb/buckets/travelframe-4e1fb.firebasestorage.app"},"storageClass":"REGIONAL"}
[info] i  firebase.storage: checking storage.rules for compilation errors... 
[debug] [2026-05-19T08:29:21.287Z] Checked if tokens are valid: true, expires at: 1779182841239
[debug] [2026-05-19T08:29:21.287Z] Checked if tokens are valid: true, expires at: 1779182841239
[debug] [2026-05-19T08:29:21.287Z] >>> [apiv2][query] POST https://firebaserules.googleapis.com/v1/projects/travelframe-4e1fb:test [none]
[debug] [2026-05-19T08:29:21.287Z] >>> [apiv2][body] POST https://firebaserules.googleapis.com/v1/projects/travelframe-4e1fb:test [omitted]
[debug] [2026-05-19T08:29:21.669Z] <<< [apiv2][status] POST https://firebaserules.googleapis.com/v1/projects/travelframe-4e1fb:test 200
[debug] [2026-05-19T08:29:21.669Z] <<< [apiv2][body] POST https://firebaserules.googleapis.com/v1/projects/travelframe-4e1fb:test {}
[info] +  firebase.storage: rules file storage.rules compiled successfully 
[info] i  firestore: ensuring required API firestore.googleapis.com is enabled... 
[info] i  firestore: ensuring required API firestore.googleapis.com is enabled... 
[debug] [2026-05-19T08:29:21.671Z] Checked if tokens are valid: true, expires at: 1779182841239
[debug] [2026-05-19T08:29:21.671Z] Checked if tokens are valid: true, expires at: 1779182841239
[debug] [2026-05-19T08:29:21.671Z] >>> [apiv2][query] GET https://firestore.googleapis.com/v1/projects/travelframe-4e1fb/databases/(default) [none]
[debug] [2026-05-19T08:29:21.790Z] <<< [apiv2][status] GET https://firestore.googleapis.com/v1/projects/travelframe-4e1fb/databases/(default) 200
[debug] [2026-05-19T08:29:21.790Z] <<< [apiv2][body] GET https://firestore.googleapis.com/v1/projects/travelframe-4e1fb/databases/(default) {"name":"projects/travelframe-4e1fb/databases/(default)","uid":"33d8a9bd-8f9f-4825-b885-6e90618638c7","createTime":"2026-05-14T05:15:57.164459Z","updateTime":"2026-05-14T05:15:57.164459Z","locationId":"asia-northeast3","type":"FIRESTORE_NATIVE","concurrencyMode":"PESSIMISTIC","versionRetentionPeriod":"3600s","earliestVersionTime":"2026-05-19T07:29:21.981712Z","appEngineIntegrationMode":"DISABLED","keyPrefix":"v","pointInTimeRecoveryEnablement":"POINT_IN_TIME_RECOVERY_DISABLED","deleteProtectionState":"DELETE_PROTECTION_DISABLED","databaseEdition":"STANDARD","freeTier":true,"realtimeUpdatesMode":"REALTIME_UPDATES_MODE_ENABLED","etag":"IPCm8873xJQDMIGoyKiOupQD"}
[info] i  cloud.firestore: checking firestore.rules for compilation errors... 
[debug] [2026-05-19T08:29:21.791Z] Checked if tokens are valid: true, expires at: 1779182841239
[debug] [2026-05-19T08:29:21.791Z] Checked if tokens are valid: true, expires at: 1779182841239
[debug] [2026-05-19T08:29:21.791Z] >>> [apiv2][query] POST https://firebaserules.googleapis.com/v1/projects/travelframe-4e1fb:test [none]
[debug] [2026-05-19T08:29:21.791Z] >>> [apiv2][body] POST https://firebaserules.googleapis.com/v1/projects/travelframe-4e1fb:test [omitted]
[debug] [2026-05-19T08:29:22.947Z] <<< [apiv2][status] POST https://firebaserules.googleapis.com/v1/projects/travelframe-4e1fb:test 200
[debug] [2026-05-19T08:29:22.947Z] <<< [apiv2][body] POST https://firebaserules.googleapis.com/v1/projects/travelframe-4e1fb:test {}
[info] +  cloud.firestore: rules file firestore.rules compiled successfully 
[debug] [2026-05-19T08:29:22.949Z] Checked if tokens are valid: true, expires at: 1779182841239
[debug] [2026-05-19T08:29:22.949Z] Checked if tokens are valid: true, expires at: 1779182841239
[debug] [2026-05-19T08:29:22.949Z] >>> [apiv2][query] GET https://cloudresourcemanager.googleapis.com/v1/projects/travelframe-4e1fb [none]
[debug] [2026-05-19T08:29:23.167Z] <<< [apiv2][status] GET https://cloudresourcemanager.googleapis.com/v1/projects/travelframe-4e1fb 200
[debug] [2026-05-19T08:29:23.167Z] <<< [apiv2][body] GET https://cloudresourcemanager.googleapis.com/v1/projects/travelframe-4e1fb {"projectNumber":"453199311544","projectId":"travelframe-4e1fb","lifecycleState":"ACTIVE","name":"TravelFrame","labels":{"firebase":"enabled","firebase-core":"disabled"},"createTime":"2026-05-14T05:12:41.055Z"}
[info] i  functions: preparing codebase default for deployment 
[info] i  functions: ensuring required API cloudfunctions.googleapis.com is enabled... 
[info] i  functions: ensuring required API cloudbuild.googleapis.com is enabled... 
[info] i  artifactregistry: ensuring required API artifactregistry.googleapis.com is enabled... 
[debug] [2026-05-19T08:29:23.171Z] Checked if tokens are valid: true, expires at: 1779182841239
[debug] [2026-05-19T08:29:23.171Z] Checked if tokens are valid: true, expires at: 1779182841239
[debug] [2026-05-19T08:29:23.171Z] >>> [apiv2][query] GET https://firebase.googleapis.com/v1beta1/projects/travelframe-4e1fb/adminSdkConfig [none]
[debug] [2026-05-19T08:29:24.016Z] <<< [apiv2][status] GET https://firebase.googleapis.com/v1beta1/projects/travelframe-4e1fb/adminSdkConfig 200
[debug] [2026-05-19T08:29:24.017Z] <<< [apiv2][body] GET https://firebase.googleapis.com/v1beta1/projects/travelframe-4e1fb/adminSdkConfig {"projectId":"travelframe-4e1fb","storageBucket":"travelframe-4e1fb.firebasestorage.app"}
[debug] [2026-05-19T08:29:24.017Z] Checked if tokens are valid: true, expires at: 1779182841239
[debug] [2026-05-19T08:29:24.017Z] Checked if tokens are valid: true, expires at: 1779182841239
[debug] [2026-05-19T08:29:24.017Z] >>> [apiv2][query] GET https://runtimeconfig.googleapis.com/v1beta1/projects/travelframe-4e1fb/configs [none]
[debug] [2026-05-19T08:29:24.465Z] <<< [apiv2][status] GET https://runtimeconfig.googleapis.com/v1beta1/projects/travelframe-4e1fb/configs 200
[debug] [2026-05-19T08:29:24.465Z] <<< [apiv2][body] GET https://runtimeconfig.googleapis.com/v1beta1/projects/travelframe-4e1fb/configs {}
[debug] [2026-05-19T08:29:24.465Z] Validating nodejs source
[warn] !  functions: Runtime Node.js 20 was deprecated on 2026-04-30 and will be decommissioned on 2026-10-30, after which you will not be able to deploy without upgrading. Consider upgrading now to avoid disruption. See https://cloud.google.com/functions/docs/runtime-support for full details on the lifecycle policy 
[warn] !  functions: package.json indicates an outdated version of firebase-functions. Please upgrade using npm install --save firebase-functions@latest in your functions directory. 
[warn] !  functions: Please note that there will be breaking changes when you upgrade. 
[debug] [2026-05-19T08:29:25.733Z] > [functions] package.json contents: {
  "name": "travelframe-functions",
  "private": true,
  "engines": {
    "node": "20"
  },
  "main": "index.js",
  "dependencies": {
    "firebase-admin": "^12.7.0",
    "firebase-functions": "^6.2.0",
    "travel-frame": "file:.."
  }
}
[debug] [2026-05-19T08:29:25.733Z] Building nodejs source
[info] i  functions: Loading and analyzing source code for codebase default to determine what to deploy 
[debug] [2026-05-19T08:29:25.735Z] Could not find functions.yaml. Must use http discovery
[debug] [2026-05-19T08:29:25.745Z] Found firebase-functions binary at 'C:\Users\gy554\Desktop\picture\functions\node_modules\.bin\firebase-functions'
[info] Serving at port 8197

[debug] [2026-05-19T08:29:27.010Z] Got response from /__/functions.yaml {"endpoints":{"reserveBackupUpload":{"availableMemoryMb":null,"timeoutSeconds":null,"minInstances":null,"maxInstances":null,"ingressSettings":null,"concurrency":null,"serviceAccountEmail":null,"vpc":null,"platform":"gcfv2","labels":{},"callableTrigger":{},"entryPoint":"reserveBackupUpload"},"completeBackupUpload":{"availableMemoryMb":null,"timeoutSeconds":null,"minInstances":null,"maxInstances":null,"ingressSettings":null,"concurrency":null,"serviceAccountEmail":null,"vpc":null,"platform":"gcfv2","labels":{},"callableTrigger":{},"entryPoint":"completeBackupUpload"},"releaseBackupUpload":{"availableMemoryMb":null,"timeoutSeconds":null,"minInstances":null,"maxInstances":null,"ingressSettings":null,"concurrency":null,"serviceAccountEmail":null,"vpc":null,"platform":"gcfv2","labels":{},"callableTrigger":{},"entryPoint":"releaseBackupUpload"},"deleteCloudBackupData":{"availableMemoryMb":null,"timeoutSeconds":null,"minInstances":null,"maxInstances":null,"ingressSettings":null,"concurrency":null,"serviceAccountEmail":null,"vpc":null,"platform":"gcfv2","labels":{},"callableTrigger":{},"entryPoint":"deleteCloudBackupData"}},"specVersion":"v1alpha1","requiredAPIs":[],"extensions":{}}
[debug] [2026-05-19T08:29:31.065Z] Checked if tokens are valid: true, expires at: 1779182841239
[debug] [2026-05-19T08:29:31.065Z] Checked if tokens are valid: true, expires at: 1779182841239
[debug] [2026-05-19T08:29:31.065Z] >>> [apiv2][query] GET https://cloudfunctions.googleapis.com/v1/projects/travelframe-4e1fb/locations/-/functions [none]
[debug] [2026-05-19T08:29:31.891Z] <<< [apiv2][status] GET https://cloudfunctions.googleapis.com/v1/projects/travelframe-4e1fb/locations/-/functions 200
[debug] [2026-05-19T08:29:31.891Z] <<< [apiv2][body] GET https://cloudfunctions.googleapis.com/v1/projects/travelframe-4e1fb/locations/-/functions {}
[debug] [2026-05-19T08:29:31.891Z] Checked if tokens are valid: true, expires at: 1779182841239
[debug] [2026-05-19T08:29:31.891Z] Checked if tokens are valid: true, expires at: 1779182841239
[debug] [2026-05-19T08:29:31.892Z] >>> [apiv2][query] GET https://cloudfunctions.googleapis.com/v2/projects/travelframe-4e1fb/locations/-/functions filter=environment%3D%22GEN_2%22
[debug] [2026-05-19T08:29:33.223Z] <<< [apiv2][status] GET https://cloudfunctions.googleapis.com/v2/projects/travelframe-4e1fb/locations/-/functions 200
[debug] [2026-05-19T08:29:33.223Z] <<< [apiv2][body] GET https://cloudfunctions.googleapis.com/v2/projects/travelframe-4e1fb/locations/-/functions {}
[info] i  extensions: ensuring required API firebaseextensions.googleapis.com is enabled... 
[debug] [2026-05-19T08:29:33.224Z] > command requires scopes: ["email","openid","https://www.googleapis.com/auth/cloudplatformprojects.readonly","https://www.googleapis.com/auth/firebase","https://www.googleapis.com/auth/cloud-platform"]
[debug] [2026-05-19T08:29:33.224Z] > authorizing via signed-in user (asdlkj0104@gmail.com)
[debug] [2026-05-19T08:29:33.224Z] [iam] checking project travelframe-4e1fb for permissions ["firebase.projects.get","firebaseextensions.instances.list"]
[debug] [2026-05-19T08:29:33.224Z] Checked if tokens are valid: true, expires at: 1779182841239
[debug] [2026-05-19T08:29:33.224Z] Checked if tokens are valid: true, expires at: 1779182841239
[debug] [2026-05-19T08:29:33.224Z] >>> [apiv2][query] POST https://cloudresourcemanager.googleapis.com/v1/projects/travelframe-4e1fb:testIamPermissions [none]
[debug] [2026-05-19T08:29:33.224Z] >>> [apiv2][(partial)header] POST https://cloudresourcemanager.googleapis.com/v1/projects/travelframe-4e1fb:testIamPermissions  x-goog-user-project=travelframe-4e1fb
[debug] [2026-05-19T08:29:33.224Z] >>> [apiv2][body] POST https://cloudresourcemanager.googleapis.com/v1/projects/travelframe-4e1fb:testIamPermissions {"permissions":["firebase.projects.get","firebaseextensions.instances.list"]}
[debug] [2026-05-19T08:29:33.428Z] <<< [apiv2][status] POST https://cloudresourcemanager.googleapis.com/v1/projects/travelframe-4e1fb:testIamPermissions 200
[debug] [2026-05-19T08:29:33.429Z] <<< [apiv2][body] POST https://cloudresourcemanager.googleapis.com/v1/projects/travelframe-4e1fb:testIamPermissions {"permissions":["firebase.projects.get","firebaseextensions.instances.list"]}
[debug] [2026-05-19T08:29:33.429Z] Checked if tokens are valid: true, expires at: 1779182841239
[debug] [2026-05-19T08:29:33.429Z] Checked if tokens are valid: true, expires at: 1779182841239
[debug] [2026-05-19T08:29:33.429Z] >>> [apiv2][query] GET https://firebaseextensions.googleapis.com/v1beta/projects/travelframe-4e1fb/instances pageSize=100&pageToken=
[debug] [2026-05-19T08:29:34.306Z] <<< [apiv2][status] GET https://firebaseextensions.googleapis.com/v1beta/projects/travelframe-4e1fb/instances 200
[debug] [2026-05-19T08:29:34.306Z] <<< [apiv2][body] GET https://firebaseextensions.googleapis.com/v1beta/projects/travelframe-4e1fb/instances {}
[info] i  functions: preparing functions directory for uploading... 
[info] i  functions: packaged C:\Users\gy554\Desktop\picture\functions (34.46 KB) for uploading 
[info] i  functions: ensuring required API run.googleapis.com is enabled... 
[debug] [2026-05-19T08:29:34.342Z] Checked if tokens are valid: true, expires at: 1779182841239
[debug] [2026-05-19T08:29:34.342Z] Checked if tokens are valid: true, expires at: 1779182841239
[info] i  functions: ensuring required API eventarc.googleapis.com is enabled... 
[debug] [2026-05-19T08:29:34.342Z] Checked if tokens are valid: true, expires at: 1779182841239
[debug] [2026-05-19T08:29:34.342Z] Checked if tokens are valid: true, expires at: 1779182841239
[info] i  functions: ensuring required API pubsub.googleapis.com is enabled... 
[debug] [2026-05-19T08:29:34.343Z] Checked if tokens are valid: true, expires at: 1779182841239
[debug] [2026-05-19T08:29:34.343Z] Checked if tokens are valid: true, expires at: 1779182841239
[info] i  functions: ensuring required API storage.googleapis.com is enabled... 
[debug] [2026-05-19T08:29:34.343Z] Checked if tokens are valid: true, expires at: 1779182841239
[debug] [2026-05-19T08:29:34.343Z] Checked if tokens are valid: true, expires at: 1779182841239
[debug] [2026-05-19T08:29:34.343Z] >>> [apiv2][query] GET https://serviceusage.googleapis.com/v1/projects/453199311544/services/run.googleapis.com [none]
[debug] [2026-05-19T08:29:34.343Z] >>> [apiv2][(partial)header] GET https://serviceusage.googleapis.com/v1/projects/453199311544/services/run.googleapis.com  x-goog-user-project=453199311544
[debug] [2026-05-19T08:29:34.344Z] >>> [apiv2][query] GET https://serviceusage.googleapis.com/v1/projects/453199311544/services/eventarc.googleapis.com [none]
[debug] [2026-05-19T08:29:34.344Z] >>> [apiv2][(partial)header] GET https://serviceusage.googleapis.com/v1/projects/453199311544/services/eventarc.googleapis.com  x-goog-user-project=453199311544
[debug] [2026-05-19T08:29:34.345Z] >>> [apiv2][query] GET https://serviceusage.googleapis.com/v1/projects/453199311544/services/pubsub.googleapis.com [none]
[debug] [2026-05-19T08:29:34.345Z] >>> [apiv2][(partial)header] GET https://serviceusage.googleapis.com/v1/projects/453199311544/services/pubsub.googleapis.com  x-goog-user-project=453199311544
[debug] [2026-05-19T08:29:34.346Z] >>> [apiv2][query] GET https://serviceusage.googleapis.com/v1/projects/453199311544/services/storage.googleapis.com [none]
[debug] [2026-05-19T08:29:34.346Z] >>> [apiv2][(partial)header] GET https://serviceusage.googleapis.com/v1/projects/453199311544/services/storage.googleapis.com  x-goog-user-project=453199311544
[debug] [2026-05-19T08:29:35.461Z] <<< [apiv2][status] GET https://serviceusage.googleapis.com/v1/projects/453199311544/services/eventarc.googleapis.com 200
[debug] [2026-05-19T08:29:35.461Z] <<< [apiv2][body] GET https://serviceusage.googleapis.com/v1/projects/453199311544/services/eventarc.googleapis.com [omitted]
[warn] !  functions: missing required API eventarc.googleapis.com. Enabling now... 
[debug] [2026-05-19T08:29:35.461Z] Checked if tokens are valid: true, expires at: 1779182841239
[debug] [2026-05-19T08:29:35.461Z] Checked if tokens are valid: true, expires at: 1779182841239
[debug] [2026-05-19T08:29:35.462Z] >>> [apiv2][query] POST https://serviceusage.googleapis.com/v1/projects/453199311544/services/eventarc.googleapis.com:enable [none]
[debug] [2026-05-19T08:29:35.462Z] >>> [apiv2][(partial)header] POST https://serviceusage.googleapis.com/v1/projects/453199311544/services/eventarc.googleapis.com:enable  x-goog-user-project=453199311544
[debug] [2026-05-19T08:29:35.463Z] <<< [apiv2][status] GET https://serviceusage.googleapis.com/v1/projects/453199311544/services/run.googleapis.com 200
[debug] [2026-05-19T08:29:35.463Z] <<< [apiv2][body] GET https://serviceusage.googleapis.com/v1/projects/453199311544/services/run.googleapis.com [omitted]
[warn] !  functions: missing required API run.googleapis.com. Enabling now... 
[debug] [2026-05-19T08:29:35.463Z] Checked if tokens are valid: true, expires at: 1779182841239
[debug] [2026-05-19T08:29:35.463Z] Checked if tokens are valid: true, expires at: 1779182841239
[debug] [2026-05-19T08:29:35.464Z] >>> [apiv2][query] POST https://serviceusage.googleapis.com/v1/projects/453199311544/services/run.googleapis.com:enable [none]
[debug] [2026-05-19T08:29:35.464Z] >>> [apiv2][(partial)header] POST https://serviceusage.googleapis.com/v1/projects/453199311544/services/run.googleapis.com:enable  x-goog-user-project=453199311544
[debug] [2026-05-19T08:29:35.471Z] <<< [apiv2][status] GET https://serviceusage.googleapis.com/v1/projects/453199311544/services/storage.googleapis.com 200
[debug] [2026-05-19T08:29:35.471Z] <<< [apiv2][body] GET https://serviceusage.googleapis.com/v1/projects/453199311544/services/storage.googleapis.com [omitted]
[info] +  functions: required API storage.googleapis.com is enabled 
[debug] [2026-05-19T08:29:35.496Z] <<< [apiv2][status] GET https://serviceusage.googleapis.com/v1/projects/453199311544/services/pubsub.googleapis.com 200
[debug] [2026-05-19T08:29:35.496Z] <<< [apiv2][body] GET https://serviceusage.googleapis.com/v1/projects/453199311544/services/pubsub.googleapis.com [omitted]
[info] +  functions: required API pubsub.googleapis.com is enabled 
[debug] [2026-05-19T08:29:36.598Z] <<< [apiv2][status] POST https://serviceusage.googleapis.com/v1/projects/453199311544/services/eventarc.googleapis.com:enable 200
[debug] [2026-05-19T08:29:36.598Z] <<< [apiv2][body] POST https://serviceusage.googleapis.com/v1/projects/453199311544/services/eventarc.googleapis.com:enable [omitted]
[debug] [2026-05-19T08:29:36.666Z] <<< [apiv2][status] POST https://serviceusage.googleapis.com/v1/projects/453199311544/services/run.googleapis.com:enable 200
[debug] [2026-05-19T08:29:36.666Z] <<< [apiv2][body] POST https://serviceusage.googleapis.com/v1/projects/453199311544/services/run.googleapis.com:enable [omitted]
[info] i  functions: generating the service identity for pubsub.googleapis.com... 
[debug] [2026-05-19T08:29:46.684Z] Checked if tokens are valid: true, expires at: 1779182841239
[debug] [2026-05-19T08:29:46.684Z] Checked if tokens are valid: true, expires at: 1779182841239
[info] i  functions: generating the service identity for eventarc.googleapis.com... 
[debug] [2026-05-19T08:29:46.684Z] Checked if tokens are valid: true, expires at: 1779182841239
[debug] [2026-05-19T08:29:46.684Z] Checked if tokens are valid: true, expires at: 1779182841239
[debug] [2026-05-19T08:29:46.684Z] >>> [apiv2][query] POST https://serviceusage.googleapis.com/v1beta1/projects/453199311544/services/pubsub.googleapis.com:generateServiceIdentity [none]
[debug] [2026-05-19T08:29:46.684Z] >>> [apiv2][(partial)header] POST https://serviceusage.googleapis.com/v1beta1/projects/453199311544/services/pubsub.googleapis.com:generateServiceIdentity  x-goog-user-project=453199311544
[debug] [2026-05-19T08:29:46.684Z] >>> [apiv2][body] POST https://serviceusage.googleapis.com/v1beta1/projects/453199311544/services/pubsub.googleapis.com:generateServiceIdentity {}
[debug] [2026-05-19T08:29:46.686Z] >>> [apiv2][query] POST https://serviceusage.googleapis.com/v1beta1/projects/453199311544/services/eventarc.googleapis.com:generateServiceIdentity [none]
[debug] [2026-05-19T08:29:46.686Z] >>> [apiv2][(partial)header] POST https://serviceusage.googleapis.com/v1beta1/projects/453199311544/services/eventarc.googleapis.com:generateServiceIdentity  x-goog-user-project=453199311544
[debug] [2026-05-19T08:29:46.686Z] >>> [apiv2][body] POST https://serviceusage.googleapis.com/v1beta1/projects/453199311544/services/eventarc.googleapis.com:generateServiceIdentity {}
[debug] [2026-05-19T08:29:47.473Z] <<< [apiv2][status] POST https://serviceusage.googleapis.com/v1beta1/projects/453199311544/services/eventarc.googleapis.com:generateServiceIdentity 200
[debug] [2026-05-19T08:29:47.473Z] <<< [apiv2][body] POST https://serviceusage.googleapis.com/v1beta1/projects/453199311544/services/eventarc.googleapis.com:generateServiceIdentity {"name":"operations/finished.DONE_OPERATION","done":true,"response":{"@type":"type.googleapis.com/google.api.serviceusage.v1beta1.ServiceIdentity","email":"service-453199311544@gcp-sa-eventarc.iam.gserviceaccount.com","uniqueId":"111407316723828454986"}}
[debug] [2026-05-19T08:29:48.444Z] <<< [apiv2][status] POST https://serviceusage.googleapis.com/v1beta1/projects/453199311544/services/pubsub.googleapis.com:generateServiceIdentity 200
[debug] [2026-05-19T08:29:48.444Z] <<< [apiv2][body] POST https://serviceusage.googleapis.com/v1beta1/projects/453199311544/services/pubsub.googleapis.com:generateServiceIdentity {"name":"operations/finished.DONE_OPERATION","done":true,"response":{"@type":"type.googleapis.com/google.api.serviceusage.v1beta1.ServiceIdentity","email":"service-453199311544@gcp-sa-pubsub.iam.gserviceaccount.com","uniqueId":"103096314211178658960"}}
[debug] [2026-05-19T08:29:48.447Z] Checked if tokens are valid: true, expires at: 1779182841239
[debug] [2026-05-19T08:29:48.447Z] Checked if tokens are valid: true, expires at: 1779182841239
[debug] [2026-05-19T08:29:48.447Z] >>> [apiv2][query] GET https://cloudresourcemanager.googleapis.com/v1/projects/travelframe-4e1fb [none]
[debug] [2026-05-19T08:29:48.716Z] <<< [apiv2][status] GET https://cloudresourcemanager.googleapis.com/v1/projects/travelframe-4e1fb 200
[debug] [2026-05-19T08:29:48.717Z] <<< [apiv2][body] GET https://cloudresourcemanager.googleapis.com/v1/projects/travelframe-4e1fb {"projectNumber":"453199311544","projectId":"travelframe-4e1fb","lifecycleState":"ACTIVE","name":"TravelFrame","labels":{"firebase":"enabled","firebase-core":"disabled"},"createTime":"2026-05-14T05:12:41.055Z"}
[debug] [2026-05-19T08:29:48.717Z] Checked if tokens are valid: true, expires at: 1779182841239
[debug] [2026-05-19T08:29:48.717Z] Checked if tokens are valid: true, expires at: 1779182841239
[debug] [2026-05-19T08:29:48.717Z] >>> [apiv2][query] GET https://compute.googleapis.com/compute/v1/projects/453199311544 [none]
[debug] [2026-05-19T08:29:49.008Z] <<< [apiv2][status] GET https://compute.googleapis.com/compute/v1/projects/453199311544 403
[debug] [2026-05-19T08:29:49.008Z] <<< [apiv2][body] GET https://compute.googleapis.com/compute/v1/projects/453199311544 {"error":{"code":403,"message":"Compute Engine API has not been used in project 453199311544 before or it is disabled. Enable it by visiting https://console.developers.google.com/apis/api/compute.googleapis.com/overview?project=453199311544 then retry. If you enabled this API recently, wait a few minutes for the action to propagate to our systems and retry.","errors":[{"message":"Compute Engine API has not been used in project 453199311544 before or it is disabled. Enable it by visiting https://console.developers.google.com/apis/api/compute.googleapis.com/overview?project=453199311544 then retry. If you enabled this API recently, wait a few minutes for the action to propagate to our systems and retry.","domain":"usageLimits","reason":"accessNotConfigured","extendedHelp":"https://console.developers.google.com"}],"status":"PERMISSION_DENIED","details":[{"@type":"type.googleapis.com/google.rpc.ErrorInfo","reason":"SERVICE_DISABLED","domain":"googleapis.com","metadata":{"activationUrl":"https://console.developers.google.com/apis/api/compute.googleapis.com/overview?project=453199311544","containerInfo":"453199311544","consumer":"projects/453199311544","service":"compute.googleapis.com","serviceTitle":"Compute Engine API"}},{"@type":"type.googleapis.com/google.rpc.LocalizedMessage","locale":"en-US","message":"Compute Engine API has not been used in project 453199311544 before or it is disabled. Enable it by visiting https://console.developers.google.com/apis/api/compute.googleapis.com/overview?project=453199311544 then retry. If you enabled this API recently, wait a few minutes for the action to propagate to our systems and retry."},{"@type":"type.googleapis.com/google.rpc.Help","links":[{"description":"Google developers console API activation","url":"https://console.developers.google.com/apis/api/compute.googleapis.com/overview?project=453199311544"}]}]}}
[debug] [2026-05-19T08:29:49.008Z] unable to look up default compute service account. Falling back to 453199311544-compute@developer.gserviceaccount.com. Error: {"name":"FirebaseError","children":[],"context":{"body":{"error":{"code":403,"message":"Compute Engine API has not been used in project 453199311544 before or it is disabled. Enable it by visiting https://console.developers.google.com/apis/api/compute.googleapis.com/overview?project=453199311544 then retry. If you enabled this API recently, wait a few minutes for the action to propagate to our systems and retry.","errors":[{"message":"Compute Engine API has not been used in project 453199311544 before or it is disabled. Enable it by visiting https://console.developers.google.com/apis/api/compute.googleapis.com/overview?project=453199311544 then retry. If you enabled this API recently, wait a few minutes for the action to propagate to our systems and retry.","domain":"usageLimits","reason":"accessNotConfigured","extendedHelp":"https://console.developers.google.com"}],"status":"PERMISSION_DENIED","details":[{"@type":"type.googleapis.com/google.rpc.ErrorInfo","reason":"SERVICE_DISABLED","domain":"googleapis.com","metadata":{"activationUrl":"https://console.developers.google.com/apis/api/compute.googleapis.com/overview?project=453199311544","containerInfo":"453199311544","consumer":"projects/453199311544","service":"compute.googleapis.com","serviceTitle":"Compute Engine API"}},{"@type":"type.googleapis.com/google.rpc.LocalizedMessage","locale":"en-US","message":"Compute Engine API has not been used in project 453199311544 before or it is disabled. Enable it by visiting https://console.developers.google.com/apis/api/compute.googleapis.com/overview?project=453199311544 then retry. If you enabled this API recently, wait a few minutes for the action to propagate to our systems and retry."},{"@type":"type.googleapis.com/google.rpc.Help","links":[{"description":"Google developers console API activation","url":"https://console.developers.google.com/apis/api/compute.googleapis.com/overview?project=453199311544"}]}]}},"response":{"statusCode":403}},"exit":1,"message":"Request to https://compute.googleapis.com/compute/v1/projects/453199311544 had HTTP Error: 403, Compute Engine API has not been used in project 453199311544 before or it is disabled. Enable it by visiting https://console.developers.google.com/apis/api/compute.googleapis.com/overview?project=453199311544 then retry. If you enabled this API recently, wait a few minutes for the action to propagate to our systems and retry.","status":403}
[debug] [2026-05-19T08:29:49.009Z] Checked if tokens are valid: true, expires at: 1779182841239
[debug] [2026-05-19T08:29:49.009Z] Checked if tokens are valid: true, expires at: 1779182841239
[debug] [2026-05-19T08:29:49.009Z] >>> [apiv2][query] GET https://compute.googleapis.com/compute/v1/projects/453199311544 [none]
[debug] [2026-05-19T08:29:49.257Z] <<< [apiv2][status] GET https://compute.googleapis.com/compute/v1/projects/453199311544 403
[debug] [2026-05-19T08:29:49.257Z] <<< [apiv2][body] GET https://compute.googleapis.com/compute/v1/projects/453199311544 {"error":{"code":403,"message":"Compute Engine API has not been used in project 453199311544 before or it is disabled. Enable it by visiting https://console.developers.google.com/apis/api/compute.googleapis.com/overview?project=453199311544 then retry. If you enabled this API recently, wait a few minutes for the action to propagate to our systems and retry.","errors":[{"message":"Compute Engine API has not been used in project 453199311544 before or it is disabled. Enable it by visiting https://console.developers.google.com/apis/api/compute.googleapis.com/overview?project=453199311544 then retry. If you enabled this API recently, wait a few minutes for the action to propagate to our systems and retry.","domain":"usageLimits","reason":"accessNotConfigured","extendedHelp":"https://console.developers.google.com"}],"status":"PERMISSION_DENIED","details":[{"@type":"type.googleapis.com/google.rpc.ErrorInfo","reason":"SERVICE_DISABLED","domain":"googleapis.com","metadata":{"containerInfo":"453199311544","activationUrl":"https://console.developers.google.com/apis/api/compute.googleapis.com/overview?project=453199311544","consumer":"projects/453199311544","serviceTitle":"Compute Engine API","service":"compute.googleapis.com"}},{"@type":"type.googleapis.com/google.rpc.LocalizedMessage","locale":"en-US","message":"Compute Engine API has not been used in project 453199311544 before or it is disabled. Enable it by visiting https://console.developers.google.com/apis/api/compute.googleapis.com/overview?project=453199311544 then retry. If you enabled this API recently, wait a few minutes for the action to propagate to our systems and retry."},{"@type":"type.googleapis.com/google.rpc.Help","links":[{"description":"Google developers console API activation","url":"https://console.developers.google.com/apis/api/compute.googleapis.com/overview?project=453199311544"}]}]}}
[debug] [2026-05-19T08:29:49.257Z] unable to look up default compute service account. Falling back to 453199311544-compute@developer.gserviceaccount.com. Error: {"name":"FirebaseError","children":[],"context":{"body":{"error":{"code":403,"message":"Compute Engine API has not been used in project 453199311544 before or it is disabled. Enable it by visiting https://console.developers.google.com/apis/api/compute.googleapis.com/overview?project=453199311544 then retry. If you enabled this API recently, wait a few minutes for the action to propagate to our systems and retry.","errors":[{"message":"Compute Engine API has not been used in project 453199311544 before or it is disabled. Enable it by visiting https://console.developers.google.com/apis/api/compute.googleapis.com/overview?project=453199311544 then retry. If you enabled this API recently, wait a few minutes for the action to propagate to our systems and retry.","domain":"usageLimits","reason":"accessNotConfigured","extendedHelp":"https://console.developers.google.com"}],"status":"PERMISSION_DENIED","details":[{"@type":"type.googleapis.com/google.rpc.ErrorInfo","reason":"SERVICE_DISABLED","domain":"googleapis.com","metadata":{"containerInfo":"453199311544","activationUrl":"https://console.developers.google.com/apis/api/compute.googleapis.com/overview?project=453199311544","consumer":"projects/453199311544","serviceTitle":"Compute Engine API","service":"compute.googleapis.com"}},{"@type":"type.googleapis.com/google.rpc.LocalizedMessage","locale":"en-US","message":"Compute Engine API has not been used in project 453199311544 before or it is disabled. Enable it by visiting https://console.developers.google.com/apis/api/compute.googleapis.com/overview?project=453199311544 then retry. If you enabled this API recently, wait a few minutes for the action to propagate to our systems and retry."},{"@type":"type.googleapis.com/google.rpc.Help","links":[{"description":"Google developers console API activation","url":"https://console.developers.google.com/apis/api/compute.googleapis.com/overview?project=453199311544"}]}]}},"response":{"statusCode":403}},"exit":1,"message":"Request to https://compute.googleapis.com/compute/v1/projects/453199311544 had HTTP Error: 403, Compute Engine API has not been used in project 453199311544 before or it is disabled. Enable it by visiting https://console.developers.google.com/apis/api/compute.googleapis.com/overview?project=453199311544 then retry. If you enabled this API recently, wait a few minutes for the action to propagate to our systems and retry.","status":403}
[debug] [2026-05-19T08:29:49.257Z] Checked if tokens are valid: true, expires at: 1779182841239
[debug] [2026-05-19T08:29:49.257Z] Checked if tokens are valid: true, expires at: 1779182841239
[debug] [2026-05-19T08:29:49.257Z] >>> [apiv2][query] GET https://compute.googleapis.com/compute/v1/projects/453199311544 [none]
[debug] [2026-05-19T08:29:49.500Z] <<< [apiv2][status] GET https://compute.googleapis.com/compute/v1/projects/453199311544 403
[debug] [2026-05-19T08:29:49.500Z] <<< [apiv2][body] GET https://compute.googleapis.com/compute/v1/projects/453199311544 {"error":{"code":403,"message":"Compute Engine API has not been used in project 453199311544 before or it is disabled. Enable it by visiting https://console.developers.google.com/apis/api/compute.googleapis.com/overview?project=453199311544 then retry. If you enabled this API recently, wait a few minutes for the action to propagate to our systems and retry.","errors":[{"message":"Compute Engine API has not been used in project 453199311544 before or it is disabled. Enable it by visiting https://console.developers.google.com/apis/api/compute.googleapis.com/overview?project=453199311544 then retry. If you enabled this API recently, wait a few minutes for the action to propagate to our systems and retry.","domain":"usageLimits","reason":"accessNotConfigured","extendedHelp":"https://console.developers.google.com"}],"status":"PERMISSION_DENIED","details":[{"@type":"type.googleapis.com/google.rpc.ErrorInfo","reason":"SERVICE_DISABLED","domain":"googleapis.com","metadata":{"serviceTitle":"Compute Engine API","activationUrl":"https://console.developers.google.com/apis/api/compute.googleapis.com/overview?project=453199311544","service":"compute.googleapis.com","containerInfo":"453199311544","consumer":"projects/453199311544"}},{"@type":"type.googleapis.com/google.rpc.LocalizedMessage","locale":"en-US","message":"Compute Engine API has not been used in project 453199311544 before or it is disabled. Enable it by visiting https://console.developers.google.com/apis/api/compute.googleapis.com/overview?project=453199311544 then retry. If you enabled this API recently, wait a few minutes for the action to propagate to our systems and retry."},{"@type":"type.googleapis.com/google.rpc.Help","links":[{"description":"Google developers console API activation","url":"https://console.developers.google.com/apis/api/compute.googleapis.com/overview?project=453199311544"}]}]}}
[debug] [2026-05-19T08:29:49.500Z] unable to look up default compute service account. Falling back to 453199311544-compute@developer.gserviceaccount.com. Error: {"name":"FirebaseError","children":[],"context":{"body":{"error":{"code":403,"message":"Compute Engine API has not been used in project 453199311544 before or it is disabled. Enable it by visiting https://console.developers.google.com/apis/api/compute.googleapis.com/overview?project=453199311544 then retry. If you enabled this API recently, wait a few minutes for the action to propagate to our systems and retry.","errors":[{"message":"Compute Engine API has not been used in project 453199311544 before or it is disabled. Enable it by visiting https://console.developers.google.com/apis/api/compute.googleapis.com/overview?project=453199311544 then retry. If you enabled this API recently, wait a few minutes for the action to propagate to our systems and retry.","domain":"usageLimits","reason":"accessNotConfigured","extendedHelp":"https://console.developers.google.com"}],"status":"PERMISSION_DENIED","details":[{"@type":"type.googleapis.com/google.rpc.ErrorInfo","reason":"SERVICE_DISABLED","domain":"googleapis.com","metadata":{"serviceTitle":"Compute Engine API","activationUrl":"https://console.developers.google.com/apis/api/compute.googleapis.com/overview?project=453199311544","service":"compute.googleapis.com","containerInfo":"453199311544","consumer":"projects/453199311544"}},{"@type":"type.googleapis.com/google.rpc.LocalizedMessage","locale":"en-US","message":"Compute Engine API has not been used in project 453199311544 before or it is disabled. Enable it by visiting https://console.developers.google.com/apis/api/compute.googleapis.com/overview?project=453199311544 then retry. If you enabled this API recently, wait a few minutes for the action to propagate to our systems and retry."},{"@type":"type.googleapis.com/google.rpc.Help","links":[{"description":"Google developers console API activation","url":"https://console.developers.google.com/apis/api/compute.googleapis.com/overview?project=453199311544"}]}]}},"response":{"statusCode":403}},"exit":1,"message":"Request to https://compute.googleapis.com/compute/v1/projects/453199311544 had HTTP Error: 403, Compute Engine API has not been used in project 453199311544 before or it is disabled. Enable it by visiting https://console.developers.google.com/apis/api/compute.googleapis.com/overview?project=453199311544 then retry. If you enabled this API recently, wait a few minutes for the action to propagate to our systems and retry.","status":403}
[debug] [2026-05-19T08:29:49.500Z] Checked if tokens are valid: true, expires at: 1779182841239
[debug] [2026-05-19T08:29:49.500Z] Checked if tokens are valid: true, expires at: 1779182841239
[debug] [2026-05-19T08:29:49.500Z] >>> [apiv2][query] GET https://compute.googleapis.com/compute/v1/projects/453199311544 [none]
[debug] [2026-05-19T08:29:49.752Z] <<< [apiv2][status] GET https://compute.googleapis.com/compute/v1/projects/453199311544 403
[debug] [2026-05-19T08:29:49.752Z] <<< [apiv2][body] GET https://compute.googleapis.com/compute/v1/projects/453199311544 {"error":{"code":403,"message":"Compute Engine API has not been used in project 453199311544 before or it is disabled. Enable it by visiting https://console.developers.google.com/apis/api/compute.googleapis.com/overview?project=453199311544 then retry. If you enabled this API recently, wait a few minutes for the action to propagate to our systems and retry.","errors":[{"message":"Compute Engine API has not been used in project 453199311544 before or it is disabled. Enable it by visiting https://console.developers.google.com/apis/api/compute.googleapis.com/overview?project=453199311544 then retry. If you enabled this API recently, wait a few minutes for the action to propagate to our systems and retry.","domain":"usageLimits","reason":"accessNotConfigured","extendedHelp":"https://console.developers.google.com"}],"status":"PERMISSION_DENIED","details":[{"@type":"type.googleapis.com/google.rpc.ErrorInfo","reason":"SERVICE_DISABLED","domain":"googleapis.com","metadata":{"service":"compute.googleapis.com","containerInfo":"453199311544","consumer":"projects/453199311544","serviceTitle":"Compute Engine API","activationUrl":"https://console.developers.google.com/apis/api/compute.googleapis.com/overview?project=453199311544"}},{"@type":"type.googleapis.com/google.rpc.LocalizedMessage","locale":"en-US","message":"Compute Engine API has not been used in project 453199311544 before or it is disabled. Enable it by visiting https://console.developers.google.com/apis/api/compute.googleapis.com/overview?project=453199311544 then retry. If you enabled this API recently, wait a few minutes for the action to propagate to our systems and retry."},{"@type":"type.googleapis.com/google.rpc.Help","links":[{"description":"Google developers console API activation","url":"https://console.developers.google.com/apis/api/compute.googleapis.com/overview?project=453199311544"}]}]}}
[debug] [2026-05-19T08:29:49.752Z] unable to look up default compute service account. Falling back to 453199311544-compute@developer.gserviceaccount.com. Error: {"name":"FirebaseError","children":[],"context":{"body":{"error":{"code":403,"message":"Compute Engine API has not been used in project 453199311544 before or it is disabled. Enable it by visiting https://console.developers.google.com/apis/api/compute.googleapis.com/overview?project=453199311544 then retry. If you enabled this API recently, wait a few minutes for the action to propagate to our systems and retry.","errors":[{"message":"Compute Engine API has not been used in project 453199311544 before or it is disabled. Enable it by visiting https://console.developers.google.com/apis/api/compute.googleapis.com/overview?project=453199311544 then retry. If you enabled this API recently, wait a few minutes for the action to propagate to our systems and retry.","domain":"usageLimits","reason":"accessNotConfigured","extendedHelp":"https://console.developers.google.com"}],"status":"PERMISSION_DENIED","details":[{"@type":"type.googleapis.com/google.rpc.ErrorInfo","reason":"SERVICE_DISABLED","domain":"googleapis.com","metadata":{"service":"compute.googleapis.com","containerInfo":"453199311544","consumer":"projects/453199311544","serviceTitle":"Compute Engine API","activationUrl":"https://console.developers.google.com/apis/api/compute.googleapis.com/overview?project=453199311544"}},{"@type":"type.googleapis.com/google.rpc.LocalizedMessage","locale":"en-US","message":"Compute Engine API has not been used in project 453199311544 before or it is disabled. Enable it by visiting https://console.developers.google.com/apis/api/compute.googleapis.com/overview?project=453199311544 then retry. If you enabled this API recently, wait a few minutes for the action to propagate to our systems and retry."},{"@type":"type.googleapis.com/google.rpc.Help","links":[{"description":"Google developers console API activation","url":"https://console.developers.google.com/apis/api/compute.googleapis.com/overview?project=453199311544"}]}]}},"response":{"statusCode":403}},"exit":1,"message":"Request to https://compute.googleapis.com/compute/v1/projects/453199311544 had HTTP Error: 403, Compute Engine API has not been used in project 453199311544 before or it is disabled. Enable it by visiting https://console.developers.google.com/apis/api/compute.googleapis.com/overview?project=453199311544 then retry. If you enabled this API recently, wait a few minutes for the action to propagate to our systems and retry.","status":403}
[debug] [2026-05-19T08:29:49.753Z] Checked if tokens are valid: true, expires at: 1779182841239
[debug] [2026-05-19T08:29:49.753Z] Checked if tokens are valid: true, expires at: 1779182841239
[debug] [2026-05-19T08:29:49.753Z] >>> [apiv2][query] GET https://firebasehosting.googleapis.com/v1beta1/projects/travelframe-4e1fb/sites/travelframe-4e1fb [none]
[debug] [2026-05-19T08:29:50.608Z] <<< [apiv2][status] GET https://firebasehosting.googleapis.com/v1beta1/projects/travelframe-4e1fb/sites/travelframe-4e1fb 200
[debug] [2026-05-19T08:29:50.608Z] <<< [apiv2][body] GET https://firebasehosting.googleapis.com/v1beta1/projects/travelframe-4e1fb/sites/travelframe-4e1fb {"name":"projects/travelframe-4e1fb/sites/travelframe-4e1fb","defaultUrl":"https://travelframe-4e1fb.web.app","type":"DEFAULT_SITE"}
[debug] [2026-05-19T08:29:50.609Z] Checked if tokens are valid: true, expires at: 1779182841239
[debug] [2026-05-19T08:29:50.609Z] Checked if tokens are valid: true, expires at: 1779182841239
[debug] [2026-05-19T08:29:50.609Z] >>> [apiv2][query] POST https://firebasehosting.googleapis.com/v1beta1/projects/-/sites/travelframe-4e1fb/versions [none]
[debug] [2026-05-19T08:29:50.609Z] >>> [apiv2][body] POST https://firebasehosting.googleapis.com/v1beta1/projects/-/sites/travelframe-4e1fb/versions {"status":"CREATED","labels":{"deployment-tool":"cli-firebase"}}
[debug] [2026-05-19T08:29:51.628Z] <<< [apiv2][status] POST https://firebasehosting.googleapis.com/v1beta1/projects/-/sites/travelframe-4e1fb/versions 200
[debug] [2026-05-19T08:29:51.628Z] <<< [apiv2][body] POST https://firebasehosting.googleapis.com/v1beta1/projects/-/sites/travelframe-4e1fb/versions {"name":"projects/453199311544/sites/travelframe-4e1fb/versions/8780c9eebcf59780","status":"CREATED","config":{},"labels":{"deployment-tool":"cli-firebase"}}
[debug] [2026-05-19T08:29:51.630Z] Checked if tokens are valid: true, expires at: 1779182841239
[debug] [2026-05-19T08:29:51.630Z] Checked if tokens are valid: true, expires at: 1779182841239
[debug] [2026-05-19T08:29:51.630Z] >>> [apiv2][query] GET https://firebaserules.googleapis.com/v1/projects/travelframe-4e1fb/releases pageSize=10&pageToken=
[debug] [2026-05-19T08:29:52.213Z] <<< [apiv2][status] GET https://firebaserules.googleapis.com/v1/projects/travelframe-4e1fb/releases 200
[debug] [2026-05-19T08:29:52.214Z] <<< [apiv2][body] GET https://firebaserules.googleapis.com/v1/projects/travelframe-4e1fb/releases {"releases":[{"name":"projects/travelframe-4e1fb/releases/cloud.firestore","rulesetName":"projects/travelframe-4e1fb/rulesets/a280fe43-a1a1-464d-8870-8d6c8e10651c","createTime":"2026-05-14T05:16:00.785203Z","updateTime":"2026-05-18T08:19:44.305820Z"},{"name":"projects/travelframe-4e1fb/releases/firebase.storage/travelframe-4e1fb.firebasestorage.app","rulesetName":"projects/travelframe-4e1fb/rulesets/f68a9d80-3e46-4844-ba18-2b02a3889c68","createTime":"2026-05-14T05:18:08.207861Z","updateTime":"2026-05-18T08:19:43.184054Z"}]}
[debug] [2026-05-19T08:29:52.228Z] Checked if tokens are valid: true, expires at: 1779182841239
[debug] [2026-05-19T08:29:52.228Z] Checked if tokens are valid: true, expires at: 1779182841239
[debug] [2026-05-19T08:29:52.228Z] >>> [apiv2][query] GET https://firebaserules.googleapis.com/v1/projects/travelframe-4e1fb/rulesets/f68a9d80-3e46-4844-ba18-2b02a3889c68 [none]
[debug] [2026-05-19T08:29:53.343Z] <<< [apiv2][status] GET https://firebaserules.googleapis.com/v1/projects/travelframe-4e1fb/rulesets/f68a9d80-3e46-4844-ba18-2b02a3889c68 200
[debug] [2026-05-19T08:29:53.344Z] <<< [apiv2][body] GET https://firebaserules.googleapis.com/v1/projects/travelframe-4e1fb/rulesets/f68a9d80-3e46-4844-ba18-2b02a3889c68 [omitted]
[debug] [2026-05-19T08:29:53.345Z] Checked if tokens are valid: true, expires at: 1779182841239
[debug] [2026-05-19T08:29:53.345Z] Checked if tokens are valid: true, expires at: 1779182841239
[debug] [2026-05-19T08:29:53.345Z] >>> [apiv2][query] POST https://cloudresourcemanager.googleapis.com/v1/projects/453199311544:getIamPolicy [none]
[debug] [2026-05-19T08:29:53.603Z] <<< [apiv2][status] POST https://cloudresourcemanager.googleapis.com/v1/projects/453199311544:getIamPolicy 200
[debug] [2026-05-19T08:29:53.603Z] <<< [apiv2][body] POST https://cloudresourcemanager.googleapis.com/v1/projects/453199311544:getIamPolicy {"version":1,"etag":"BwZSJ3rqDGM=","bindings":[{"role":"roles/cloudbuild.builds.builder","members":["serviceAccount:453199311544@cloudbuild.gserviceaccount.com"]},{"role":"roles/cloudbuild.serviceAgent","members":["serviceAccount:service-453199311544@gcp-sa-cloudbuild.iam.gserviceaccount.com"]},{"role":"roles/cloudfunctions.developer","members":["serviceAccount:github-action-1237297797@travelframe-4e1fb.iam.gserviceaccount.com"]},{"role":"roles/cloudfunctions.serviceAgent","members":["serviceAccount:service-453199311544@gcf-admin-robot.iam.gserviceaccount.com"]},{"role":"roles/containerregistry.ServiceAgent","members":["serviceAccount:service-453199311544@containerregistry.iam.gserviceaccount.com"]},{"role":"roles/editor","members":["serviceAccount:453199311544@cloudservices.gserviceaccount.com","serviceAccount:travelframe-4e1fb@appspot.gserviceaccount.com","serviceAccount:453199311544-compute@developer.gserviceaccount.com"]},{"role":"roles/firebase.managementServiceAgent","members":["serviceAccount:service-453199311544@gcp-sa-firebase.iam.gserviceaccount.com"]},{"role":"roles/firebase.sdkAdminServiceAgent","members":["serviceAccount:firebase-adminsdk-fbsvc@travelframe-4e1fb.iam.gserviceaccount.com"]},{"role":"roles/firebaseauth.admin","members":["serviceAccount:firebase-adminsdk-fbsvc@travelframe-4e1fb.iam.gserviceaccount.com","serviceAccount:github-action-1237297797@travelframe-4e1fb.iam.gserviceaccount.com"]},{"role":"roles/firebasehosting.admin","members":["serviceAccount:github-action-1237297797@travelframe-4e1fb.iam.gserviceaccount.com"]},{"role":"roles/firebasemods.serviceAgent","members":["serviceAccount:service-453199311544@gcp-sa-firebasemods.iam.gserviceaccount.com"]},{"role":"roles/firebaserules.system","members":["serviceAccount:service-453199311544@firebase-rules.iam.gserviceaccount.com"]},{"role":"roles/firebasestorage.serviceAgent","members":["serviceAccount:service-453199311544@gcp-sa-firebasestorage.iam.gserviceaccount.com"]},{"role":"roles/firestore.serviceAgent","members":["serviceAccount:service-453199311544@gcp-sa-firestore.iam.gserviceaccount.com"]},{"role":"roles/iam.serviceAccountTokenCreator","members":["serviceAccount:firebase-adminsdk-fbsvc@travelframe-4e1fb.iam.gserviceaccount.com"]},{"role":"roles/owner","members":["user:asdlkj0104@gmail.com"]},{"role":"roles/run.serviceAgent","members":["serviceAccount:service-453199311544@serverless-robot-prod.iam.gserviceaccount.com"]},{"role":"roles/run.viewer","members":["serviceAccount:github-action-1237297797@travelframe-4e1fb.iam.gserviceaccount.com"]},{"role":"roles/serviceusage.apiKeysViewer","members":["serviceAccount:github-action-1237297797@travelframe-4e1fb.iam.gserviceaccount.com"]},{"role":"roles/serviceusage.serviceUsageConsumer","members":["serviceAccount:github-action-1237297797@travelframe-4e1fb.iam.gserviceaccount.com"]},{"role":"roles/storage.admin","members":["serviceAccount:firebase-adminsdk-fbsvc@travelframe-4e1fb.iam.gserviceaccount.com"]}]}
[debug] [2026-05-19T08:34:08.742Z] Checked if tokens are valid: true, expires at: 1779182841239
[debug] [2026-05-19T08:34:08.742Z] Checked if tokens are valid: true, expires at: 1779182841239
[debug] [2026-05-19T08:34:08.742Z] >>> [apiv2][query] POST https://cloudresourcemanager.googleapis.com/v1/projects/453199311544:getIamPolicy [none]
[debug] [2026-05-19T08:34:09.108Z] <<< [apiv2][status] POST https://cloudresourcemanager.googleapis.com/v1/projects/453199311544:getIamPolicy 200
[debug] [2026-05-19T08:34:09.108Z] <<< [apiv2][body] POST https://cloudresourcemanager.googleapis.com/v1/projects/453199311544:getIamPolicy {"version":1,"etag":"BwZSJ3rqDGM=","bindings":[{"role":"roles/cloudbuild.builds.builder","members":["serviceAccount:453199311544@cloudbuild.gserviceaccount.com"]},{"role":"roles/cloudbuild.serviceAgent","members":["serviceAccount:service-453199311544@gcp-sa-cloudbuild.iam.gserviceaccount.com"]},{"role":"roles/cloudfunctions.developer","members":["serviceAccount:github-action-1237297797@travelframe-4e1fb.iam.gserviceaccount.com"]},{"role":"roles/cloudfunctions.serviceAgent","members":["serviceAccount:service-453199311544@gcf-admin-robot.iam.gserviceaccount.com"]},{"role":"roles/containerregistry.ServiceAgent","members":["serviceAccount:service-453199311544@containerregistry.iam.gserviceaccount.com"]},{"role":"roles/editor","members":["serviceAccount:453199311544@cloudservices.gserviceaccount.com","serviceAccount:travelframe-4e1fb@appspot.gserviceaccount.com","serviceAccount:453199311544-compute@developer.gserviceaccount.com"]},{"role":"roles/firebase.managementServiceAgent","members":["serviceAccount:service-453199311544@gcp-sa-firebase.iam.gserviceaccount.com"]},{"role":"roles/firebase.sdkAdminServiceAgent","members":["serviceAccount:firebase-adminsdk-fbsvc@travelframe-4e1fb.iam.gserviceaccount.com"]},{"role":"roles/firebaseauth.admin","members":["serviceAccount:firebase-adminsdk-fbsvc@travelframe-4e1fb.iam.gserviceaccount.com","serviceAccount:github-action-1237297797@travelframe-4e1fb.iam.gserviceaccount.com"]},{"role":"roles/firebasehosting.admin","members":["serviceAccount:github-action-1237297797@travelframe-4e1fb.iam.gserviceaccount.com"]},{"role":"roles/firebasemods.serviceAgent","members":["serviceAccount:service-453199311544@gcp-sa-firebasemods.iam.gserviceaccount.com"]},{"role":"roles/firebaserules.system","members":["serviceAccount:service-453199311544@firebase-rules.iam.gserviceaccount.com"]},{"role":"roles/firebasestorage.serviceAgent","members":["serviceAccount:service-453199311544@gcp-sa-firebasestorage.iam.gserviceaccount.com"]},{"role":"roles/firestore.serviceAgent","members":["serviceAccount:service-453199311544@gcp-sa-firestore.iam.gserviceaccount.com"]},{"role":"roles/iam.serviceAccountTokenCreator","members":["serviceAccount:firebase-adminsdk-fbsvc@travelframe-4e1fb.iam.gserviceaccount.com"]},{"role":"roles/owner","members":["user:asdlkj0104@gmail.com"]},{"role":"roles/run.serviceAgent","members":["serviceAccount:service-453199311544@serverless-robot-prod.iam.gserviceaccount.com"]},{"role":"roles/run.viewer","members":["serviceAccount:github-action-1237297797@travelframe-4e1fb.iam.gserviceaccount.com"]},{"role":"roles/serviceusage.apiKeysViewer","members":["serviceAccount:github-action-1237297797@travelframe-4e1fb.iam.gserviceaccount.com"]},{"role":"roles/serviceusage.serviceUsageConsumer","members":["serviceAccount:github-action-1237297797@travelframe-4e1fb.iam.gserviceaccount.com"]},{"role":"roles/storage.admin","members":["serviceAccount:firebase-adminsdk-fbsvc@travelframe-4e1fb.iam.gserviceaccount.com"]}]}
[debug] [2026-05-19T08:34:09.108Z] Checked if tokens are valid: true, expires at: 1779182841239
[debug] [2026-05-19T08:34:09.108Z] Checked if tokens are valid: true, expires at: 1779182841239
[debug] [2026-05-19T08:34:09.109Z] >>> [apiv2][query] POST https://cloudresourcemanager.googleapis.com/v1/projects/453199311544:setIamPolicy [none]
[debug] [2026-05-19T08:34:09.109Z] >>> [apiv2][body] POST https://cloudresourcemanager.googleapis.com/v1/projects/453199311544:setIamPolicy {"policy":{"version":1,"etag":"BwZSJ3rqDGM=","bindings":[{"role":"roles/cloudbuild.builds.builder","members":["serviceAccount:453199311544@cloudbuild.gserviceaccount.com"]},{"role":"roles/cloudbuild.serviceAgent","members":["serviceAccount:service-453199311544@gcp-sa-cloudbuild.iam.gserviceaccount.com"]},{"role":"roles/cloudfunctions.developer","members":["serviceAccount:github-action-1237297797@travelframe-4e1fb.iam.gserviceaccount.com"]},{"role":"roles/cloudfunctions.serviceAgent","members":["serviceAccount:service-453199311544@gcf-admin-robot.iam.gserviceaccount.com"]},{"role":"roles/containerregistry.ServiceAgent","members":["serviceAccount:service-453199311544@containerregistry.iam.gserviceaccount.com"]},{"role":"roles/editor","members":["serviceAccount:453199311544@cloudservices.gserviceaccount.com","serviceAccount:travelframe-4e1fb@appspot.gserviceaccount.com","serviceAccount:453199311544-compute@developer.gserviceaccount.com"]},{"role":"roles/firebase.managementServiceAgent","members":["serviceAccount:service-453199311544@gcp-sa-firebase.iam.gserviceaccount.com"]},{"role":"roles/firebase.sdkAdminServiceAgent","members":["serviceAccount:firebase-adminsdk-fbsvc@travelframe-4e1fb.iam.gserviceaccount.com"]},{"role":"roles/firebaseauth.admin","members":["serviceAccount:firebase-adminsdk-fbsvc@travelframe-4e1fb.iam.gserviceaccount.com","serviceAccount:github-action-1237297797@travelframe-4e1fb.iam.gserviceaccount.com"]},{"role":"roles/firebasehosting.admin","members":["serviceAccount:github-action-1237297797@travelframe-4e1fb.iam.gserviceaccount.com"]},{"role":"roles/firebasemods.serviceAgent","members":["serviceAccount:service-453199311544@gcp-sa-firebasemods.iam.gserviceaccount.com"]},{"role":"roles/firebaserules.system","members":["serviceAccount:service-453199311544@firebase-rules.iam.gserviceaccount.com"]},{"role":"roles/firebasestorage.serviceAgent","members":["serviceAccount:service-453199311544@gcp-sa-firebasestorage.iam.gserviceaccount.com"]},{"role":"roles/firestore.serviceAgent","members":["serviceAccount:service-453199311544@gcp-sa-firestore.iam.gserviceaccount.com"]},{"role":"roles/iam.serviceAccountTokenCreator","members":["serviceAccount:firebase-adminsdk-fbsvc@travelframe-4e1fb.iam.gserviceaccount.com"]},{"role":"roles/owner","members":["user:asdlkj0104@gmail.com"]},{"role":"roles/run.serviceAgent","members":["serviceAccount:service-453199311544@serverless-robot-prod.iam.gserviceaccount.com"]},{"role":"roles/run.viewer","members":["serviceAccount:github-action-1237297797@travelframe-4e1fb.iam.gserviceaccount.com"]},{"role":"roles/serviceusage.apiKeysViewer","members":["serviceAccount:github-action-1237297797@travelframe-4e1fb.iam.gserviceaccount.com"]},{"role":"roles/serviceusage.serviceUsageConsumer","members":["serviceAccount:github-action-1237297797@travelframe-4e1fb.iam.gserviceaccount.com"]},{"role":"roles/storage.admin","members":["serviceAccount:firebase-adminsdk-fbsvc@travelframe-4e1fb.iam.gserviceaccount.com"]},{"role":"roles/firebaserules.firestoreServiceAgent","members":["serviceAccount:service-453199311544@gcp-sa-firebasestorage.iam.gserviceaccount.com"]}]},"updateMask":"bindings"}
[debug] [2026-05-19T08:34:10.339Z] <<< [apiv2][status] POST https://cloudresourcemanager.googleapis.com/v1/projects/453199311544:setIamPolicy 200
[debug] [2026-05-19T08:34:10.339Z] <<< [apiv2][body] POST https://cloudresourcemanager.googleapis.com/v1/projects/453199311544:setIamPolicy {"version":1,"etag":"BwZSJ4sOi0Q=","bindings":[{"role":"roles/cloudbuild.builds.builder","members":["serviceAccount:453199311544@cloudbuild.gserviceaccount.com"]},{"role":"roles/cloudbuild.serviceAgent","members":["serviceAccount:service-453199311544@gcp-sa-cloudbuild.iam.gserviceaccount.com"]},{"role":"roles/cloudfunctions.developer","members":["serviceAccount:github-action-1237297797@travelframe-4e1fb.iam.gserviceaccount.com"]},{"role":"roles/cloudfunctions.serviceAgent","members":["serviceAccount:service-453199311544@gcf-admin-robot.iam.gserviceaccount.com"]},{"role":"roles/containerregistry.ServiceAgent","members":["serviceAccount:service-453199311544@containerregistry.iam.gserviceaccount.com"]},{"role":"roles/editor","members":["serviceAccount:453199311544-compute@developer.gserviceaccount.com","serviceAccount:453199311544@cloudservices.gserviceaccount.com","serviceAccount:travelframe-4e1fb@appspot.gserviceaccount.com"]},{"role":"roles/firebase.managementServiceAgent","members":["serviceAccount:service-453199311544@gcp-sa-firebase.iam.gserviceaccount.com"]},{"role":"roles/firebase.sdkAdminServiceAgent","members":["serviceAccount:firebase-adminsdk-fbsvc@travelframe-4e1fb.iam.gserviceaccount.com"]},{"role":"roles/firebaseauth.admin","members":["serviceAccount:firebase-adminsdk-fbsvc@travelframe-4e1fb.iam.gserviceaccount.com","serviceAccount:github-action-1237297797@travelframe-4e1fb.iam.gserviceaccount.com"]},{"role":"roles/firebasehosting.admin","members":["serviceAccount:github-action-1237297797@travelframe-4e1fb.iam.gserviceaccount.com"]},{"role":"roles/firebasemods.serviceAgent","members":["serviceAccount:service-453199311544@gcp-sa-firebasemods.iam.gserviceaccount.com"]},{"role":"roles/firebaserules.firestoreServiceAgent","members":["serviceAccount:service-453199311544@gcp-sa-firebasestorage.iam.gserviceaccount.com"]},{"role":"roles/firebaserules.system","members":["serviceAccount:service-453199311544@firebase-rules.iam.gserviceaccount.com"]},{"role":"roles/firebasestorage.serviceAgent","members":["serviceAccount:service-453199311544@gcp-sa-firebasestorage.iam.gserviceaccount.com"]},{"role":"roles/firestore.serviceAgent","members":["serviceAccount:service-453199311544@gcp-sa-firestore.iam.gserviceaccount.com"]},{"role":"roles/iam.serviceAccountTokenCreator","members":["serviceAccount:firebase-adminsdk-fbsvc@travelframe-4e1fb.iam.gserviceaccount.com"]},{"role":"roles/owner","members":["user:asdlkj0104@gmail.com"]},{"role":"roles/run.serviceAgent","members":["serviceAccount:service-453199311544@serverless-robot-prod.iam.gserviceaccount.com"]},{"role":"roles/run.viewer","members":["serviceAccount:github-action-1237297797@travelframe-4e1fb.iam.gserviceaccount.com"]},{"role":"roles/serviceusage.apiKeysViewer","members":["serviceAccount:github-action-1237297797@travelframe-4e1fb.iam.gserviceaccount.com"]},{"role":"roles/serviceusage.serviceUsageConsumer","members":["serviceAccount:github-action-1237297797@travelframe-4e1fb.iam.gserviceaccount.com"]},{"role":"roles/storage.admin","members":["serviceAccount:firebase-adminsdk-fbsvc@travelframe-4e1fb.iam.gserviceaccount.com"]}]}
[info] i  storage: updated service account for cross-service rules... 
[info] i  storage: uploading rules storage.rules... 
[debug] [2026-05-19T08:34:10.340Z] Checked if tokens are valid: true, expires at: 1779182841239
[debug] [2026-05-19T08:34:10.340Z] Checked if tokens are valid: true, expires at: 1779182841239
[debug] [2026-05-19T08:34:10.340Z] >>> [apiv2][query] POST https://firebaserules.googleapis.com/v1/projects/travelframe-4e1fb/rulesets [none]
[debug] [2026-05-19T08:34:10.340Z] >>> [apiv2][body] POST https://firebaserules.googleapis.com/v1/projects/travelframe-4e1fb/rulesets [omitted]
[debug] [2026-05-19T08:34:10.891Z] <<< [apiv2][status] POST https://firebaserules.googleapis.com/v1/projects/travelframe-4e1fb/rulesets 200
[debug] [2026-05-19T08:34:10.891Z] <<< [apiv2][body] POST https://firebaserules.googleapis.com/v1/projects/travelframe-4e1fb/rulesets {"name":"projects/travelframe-4e1fb/rulesets/12a7aac4-8399-45be-8386-da5d263cc8e2","source":{"files":[{"content":"rules_version = '2';\n\nservice firebase.storage {\n  match /b/{bucket}/o {\n    function signedIn() {\n      return request.auth != null;\n    }\n\n    function isOwner(userId) {\n      return signedIn() && request.auth.uid == userId;\n    }\n\n    function isImageUpload() {\n      return request.resource.size < 20 * 1024 * 1024\n        && request.resource.contentType.matches('image/(jpeg|jpg|png|webp)');\n    }\n\n    function isVideoUpload() {\n      return request.resource.size < 250 * 1024 * 1024\n        && request.resource.contentType == 'video/mp4';\n    }\n\n    function isAudioUpload() {\n      return request.resource.size < 50 * 1024 * 1024\n        && request.resource.contentType.matches('audio/.*');\n    }\n\n    function hasBackupSession() {\n      return request.resource.metadata.backupSessionId is string\n        && request.resource.metadata.backupSessionId.size() > 0;\n    }\n\n    function backupSession(userId) {\n      return firestore.get(/databases/(default)/documents/users/$(userId)/backupUploadSessions/$(request.resource.metadata.backupSessionId));\n    }\n\n    function isReservedBackupUpload(userId, mediaKind) {\n      return isOwner(userId)\n        && hasBackupSession()\n        && backupSession(userId).data.userId == userId\n        && backupSession(userId).data.status == \"reserved\"\n        && backupSession(userId).data.mediaKind == mediaKind\n        && backupSession(userId).data.storagePath == request.resource.name\n        && backupSession(userId).data.fileSize == request.resource.size\n        && backupSession(userId).data.contentType == request.resource.contentType\n        && backupSession(userId).data.expiresAt > request.time;\n    }\n\n    match /users/{userId}/backups/photos/{fileName} {\n      allow read: if isOwner(userId);\n      allow create, update: if isReservedBackupUpload(userId, \"image\") && isImageUpload();\n      allow delete: if false;\n    }\n\n    match /users/{userId}/backups/image-works/{workId}/{fileName} {\n      allow read: if isOwner(userId);\n      allow create, update: if isReservedBackupUpload(userId, \"image\") && isImageUpload();\n      allow delete: if false;\n    }\n\n    match /users/{userId}/backups/videos/{fileName} {\n      allow read: if isOwner(userId);\n      allow create, update: if isReservedBackupUpload(userId, \"video\") && isVideoUpload();\n      allow delete: if false;\n    }\n\n    match /users/{userId}/backups/audio/{fileName} {\n      allow read: if isOwner(userId);\n      allow create, update: if isReservedBackupUpload(userId, \"audio\") && isAudioUpload();\n      allow delete: if false;\n    }\n\n    match /users/{userId}/music/{allPaths=**} {\n      allow read: if isOwner(userId);\n      allow create, update: if isOwner(userId)\n        && isAudioUpload();\n      allow delete: if isOwner(userId);\n    }\n\n    match /{allPaths=**} {\n      allow read, write: if false;\n    }\n  }\n}\n","name":"storage.rules"}]},"createTime":"2026-05-19T08:34:10.959295Z","metadata":{"services":["firebase.storage"]}}
[debug] [2026-05-19T08:34:10.891Z] [rules] created ruleset projects/travelframe-4e1fb/rulesets/12a7aac4-8399-45be-8386-da5d263cc8e2
[debug] [2026-05-19T08:34:10.891Z] Checked if tokens are valid: true, expires at: 1779182841239
[debug] [2026-05-19T08:34:10.891Z] Checked if tokens are valid: true, expires at: 1779182841239
[debug] [2026-05-19T08:34:10.892Z] >>> [apiv2][query] GET https://firebaserules.googleapis.com/v1/projects/travelframe-4e1fb/releases pageSize=10&pageToken=
[debug] [2026-05-19T08:34:11.351Z] <<< [apiv2][status] GET https://firebaserules.googleapis.com/v1/projects/travelframe-4e1fb/releases 200
[debug] [2026-05-19T08:34:11.351Z] <<< [apiv2][body] GET https://firebaserules.googleapis.com/v1/projects/travelframe-4e1fb/releases {"releases":[{"name":"projects/travelframe-4e1fb/releases/cloud.firestore","rulesetName":"projects/travelframe-4e1fb/rulesets/a280fe43-a1a1-464d-8870-8d6c8e10651c","createTime":"2026-05-14T05:16:00.785203Z","updateTime":"2026-05-18T08:19:44.305820Z"},{"name":"projects/travelframe-4e1fb/releases/firebase.storage/travelframe-4e1fb.firebasestorage.app","rulesetName":"projects/travelframe-4e1fb/rulesets/f68a9d80-3e46-4844-ba18-2b02a3889c68","createTime":"2026-05-14T05:18:08.207861Z","updateTime":"2026-05-18T08:19:43.184054Z"}]}
[debug] [2026-05-19T08:34:11.351Z] Checked if tokens are valid: true, expires at: 1779182841239
[debug] [2026-05-19T08:34:11.351Z] Checked if tokens are valid: true, expires at: 1779182841239
[debug] [2026-05-19T08:34:11.352Z] >>> [apiv2][query] GET https://firebaserules.googleapis.com/v1/projects/travelframe-4e1fb/rulesets/a280fe43-a1a1-464d-8870-8d6c8e10651c [none]
[debug] [2026-05-19T08:34:12.437Z] <<< [apiv2][status] GET https://firebaserules.googleapis.com/v1/projects/travelframe-4e1fb/rulesets/a280fe43-a1a1-464d-8870-8d6c8e10651c 200
[debug] [2026-05-19T08:34:12.438Z] <<< [apiv2][body] GET https://firebaserules.googleapis.com/v1/projects/travelframe-4e1fb/rulesets/a280fe43-a1a1-464d-8870-8d6c8e10651c [omitted]
[info] i  firestore: uploading rules firestore.rules... 
[debug] [2026-05-19T08:34:12.438Z] Checked if tokens are valid: true, expires at: 1779182841239
[debug] [2026-05-19T08:34:12.438Z] Checked if tokens are valid: true, expires at: 1779182841239
[debug] [2026-05-19T08:34:12.438Z] >>> [apiv2][query] POST https://firebaserules.googleapis.com/v1/projects/travelframe-4e1fb/rulesets [none]
[debug] [2026-05-19T08:34:12.438Z] >>> [apiv2][body] POST https://firebaserules.googleapis.com/v1/projects/travelframe-4e1fb/rulesets [omitted]
[debug] [2026-05-19T08:34:13.577Z] <<< [apiv2][status] POST https://firebaserules.googleapis.com/v1/projects/travelframe-4e1fb/rulesets 200
[debug] [2026-05-19T08:34:13.578Z] <<< [apiv2][body] POST https://firebaserules.googleapis.com/v1/projects/travelframe-4e1fb/rulesets {"name":"projects/travelframe-4e1fb/rulesets/c9a63254-18f4-4286-852b-69e05a0465ce","source":{"files":[{"content":"rules_version = '2';\n\nservice cloud.firestore {\n  match /databases/{database}/documents {\n    function signedIn() {\n      return request.auth != null;\n    }\n\n    function isOwner(userId) {\n      return signedIn() && request.auth.uid == userId;\n    }\n\n    function isAdmin() {\n      return signedIn()\n        && exists(/databases/$(database)/documents/admins/$(request.auth.uid));\n    }\n\n    function isCurrentUserDocument(userId) {\n      return request.resource.data.uid == userId;\n    }\n\n    function isNonNegativeCount(value) {\n      return value is int && value >= 0;\n    }\n\n    function isValidBackupStoragePath(userId, storagePath) {\n      return storagePath is string\n        && storagePath.matches('users/' + userId + '/backups/.*');\n    }\n\n    function isValidBackupFileSize(fileSize) {\n      return fileSize is int\n        && fileSize > 0\n        && fileSize <= 250 * 1024 * 1024;\n    }\n\n    function hasValidBackupSessionId() {\n      return request.resource.data.backupSessionId is string\n        && request.resource.data.backupSessionId.size() > 0;\n    }\n\n    function isValidBackupFileType(fileType) {\n      return fileType in [\"image/jpeg\", \"image/png\", \"image/webp\", \"video/mp4\"];\n    }\n\n    function isValidBackupStatus(status) {\n      return status in [\"none\", \"active\", \"expired\", \"deleted\", \"backed_up\", \"failed\", \"restored\"];\n    }\n\n    function hasValidBackupOwner(userId) {\n      return request.resource.data.userId == userId;\n    }\n\n    function isValidBackupOverview(userId, backupId) {\n      return backupId == \"current\"\n        && hasValidBackupOwner(userId)\n        && isNonNegativeCount(request.resource.data.photoCount)\n        && isNonNegativeCount(request.resource.data.imageBundleCount)\n        && isNonNegativeCount(request.resource.data.videoCount)\n        && isNonNegativeCount(request.resource.data.imageBackupBytes)\n        && isValidBackupStatus(request.resource.data.status);\n    }\n\n    function isValidPhotoBackup(userId, photoId) {\n      return hasValidBackupOwner(userId)\n        && request.resource.data.localId == photoId\n        && request.resource.data.storagePath is string\n        && request.resource.data.storagePath.matches('users/' + userId + '/backups/photos/.+')\n        && isValidBackupFileSize(request.resource.data.fileSize)\n        && isValidBackupFileType(request.resource.data.fileType)\n        && request.resource.data.fileType.matches('image/.*')\n        && hasValidBackupSessionId()\n        && isValidBackupStatus(request.resource.data.backupStatus);\n    }\n\n    function isValidImageWorkBackup(userId, workId) {\n      return hasValidBackupOwner(userId)\n        && request.resource.data.localId == workId\n        && request.resource.data.storagePaths is list\n        && request.resource.data.storagePaths.size() > 0\n        && request.resource.data.storagePaths[0] is string\n        && request.resource.data.storagePaths[0].matches('users/' + userId + '/backups/image-works/.+')\n        && request.resource.data.backupSessionIds is list\n        && request.resource.data.backupSessionIds.size() == request.resource.data.storagePaths.size()\n        && isValidBackupFileSize(request.resource.data.fileSize)\n        && isNonNegativeCount(request.resource.data.imageBackupSize)\n        && isValidBackupStatus(request.resource.data.backupStatus);\n    }\n\n    function isValidVideoBackup(userId, videoId) {\n      return hasValidBackupOwner(userId)\n        && request.resource.data.localId == videoId\n        && isValidBackupStoragePath(userId, request.resource.data.storagePath)\n        && isValidBackupFileSize(request.resource.data.fileSize)\n        && request.resource.data.fileType == \"video/mp4\"\n        && hasValidBackupSessionId()\n        && isValidBackupStatus(request.resource.data.backupStatus);\n    }\n\n    function isValidPhotoBackupMetadata(userId, photoId) {\n      return isValidPhotoBackup(userId, photoId);\n    }\n\n    function isValidVideoBackupMetadata(userId, videoId) {\n      return isValidVideoBackup(userId, videoId);\n    }\n\n    function isValidImageWorkBackupMetadata(userId, workId) {\n      return isValidImageWorkBackup(userId, workId);\n    }\n\n    match /users/{userId} {\n      allow read: if isOwner(userId) || isAdmin();\n      allow create: if isOwner(userId) && isCurrentUserDocument(userId);\n      allow update: if isOwner(userId)\n        && resource.data.uid == userId\n        && isCurrentUserDocument(userId);\n      allow delete: if false;\n\n      match /videos/{videoId} {\n        allow read: if isOwner(userId) || isAdmin();\n        allow create, update: if isOwner(userId) && isValidVideoBackupMetadata(userId, videoId);\n        allow delete: if isOwner(userId) || isAdmin();\n      }\n\n      match /imageWorks/{workId} {\n        allow read: if isOwner(userId) || isAdmin();\n        allow create, update: if isOwner(userId) && isValidImageWorkBackupMetadata(userId, workId);\n        allow delete: if isOwner(userId) || isAdmin();\n      }\n\n      match /musicTracks/{trackId} {\n        allow read, create, update, delete: if isOwner(userId) || isAdmin();\n      }\n\n      match /backups/{backupId} {\n        allow read: if isOwner(userId) || isAdmin();\n        allow create, update: if isOwner(userId) && isValidBackupOverview(userId, backupId);\n        allow delete: if isOwner(userId) || isAdmin();\n      }\n\n      match /photoBackups/{photoId} {\n        allow read: if isOwner(userId) || isAdmin();\n        allow create, update: if isOwner(userId) && isValidPhotoBackupMetadata(userId, photoId);\n        allow delete: if isOwner(userId) || isAdmin();\n      }\n\n      match /backupUsage/{usageId} {\n        allow read: if isOwner(userId) || isAdmin();\n        allow create, update, delete: if false;\n      }\n\n      match /backupUploadSessions/{sessionId} {\n        allow read: if isOwner(userId) || isAdmin();\n        allow create, update, delete: if false;\n      }\n\n      match /usage/{usageGroup}/weeks/{weekId} {\n        allow read: if isOwner(userId) || isAdmin();\n        allow create, update: if isOwner(userId)\n          && usageGroup == \"videoExports\"\n          && request.resource.data.userId == userId\n          && request.resource.data.weekId == weekId\n          && request.resource.data.count is int\n          && request.resource.data.count >= 0\n          && request.resource.data.count <= 1\n          && request.resource.data.limit == 1;\n        allow delete: if isAdmin();\n      }\n\n      match /subscriptions/{subscriptionId} {\n        allow read: if isOwner(userId) || isAdmin();\n        allow create, update, delete: if false;\n      }\n\n      match /paymentEvents/{eventId} {\n        allow read: if isOwner(userId) || isAdmin();\n        allow create, update, delete: if false;\n      }\n    }\n\n    match /admins/{adminId} {\n      allow read: if isOwner(adminId);\n      allow write: if false;\n    }\n\n    match /{document=**} {\n      allow read, write: if false;\n    }\n  }\n}\n","name":"firestore.rules"}]},"createTime":"2026-05-19T08:34:13.664175Z","metadata":{"services":["cloud.firestore"]}}
[debug] [2026-05-19T08:34:13.578Z] [rules] created ruleset projects/travelframe-4e1fb/rulesets/c9a63254-18f4-4286-852b-69e05a0465ce
[debug] [2026-05-19T08:34:13.578Z] Checked if tokens are valid: true, expires at: 1779182841239
[debug] [2026-05-19T08:34:13.578Z] Checked if tokens are valid: true, expires at: 1779182841239
[debug] [2026-05-19T08:34:13.578Z] >>> [apiv2][query] GET https://cloudbilling.googleapis.com/v1/projects/travelframe-4e1fb/billingInfo [none]
[debug] [2026-05-19T08:34:13.996Z] <<< [apiv2][status] GET https://cloudbilling.googleapis.com/v1/projects/travelframe-4e1fb/billingInfo 200
[debug] [2026-05-19T08:34:13.997Z] <<< [apiv2][body] GET https://cloudbilling.googleapis.com/v1/projects/travelframe-4e1fb/billingInfo {"name":"projects/travelframe-4e1fb/billingInfo","projectId":"travelframe-4e1fb","billingAccountName":"billingAccounts/0125A0-7E5C35-CF507A","billingEnabled":true}
[debug] [2026-05-19T08:34:13.999Z] Checked if tokens are valid: true, expires at: 1779182841239
[debug] [2026-05-19T08:34:13.999Z] Checked if tokens are valid: true, expires at: 1779182841239
[debug] [2026-05-19T08:34:13.999Z] >>> [apiv2][query] POST https://cloudfunctions.googleapis.com/v2/projects/travelframe-4e1fb/locations/us-central1/functions:generateUploadUrl [none]
[debug] [2026-05-19T08:34:16.565Z] <<< [apiv2][status] POST https://cloudfunctions.googleapis.com/v2/projects/travelframe-4e1fb/locations/us-central1/functions:generateUploadUrl 200
[debug] [2026-05-19T08:34:16.566Z] <<< [apiv2][body] POST https://cloudfunctions.googleapis.com/v2/projects/travelframe-4e1fb/locations/us-central1/functions:generateUploadUrl {"uploadUrl":"https://storage.googleapis.com/gcf-v2-uploads-453199311544.us-central1.cloudfunctions.appspot.com/802031e1-f344-40c6-a1a6-4b69288176a0.zip?GoogleAccessId=service-453199311544@gcf-admin-robot.iam.gserviceaccount.com&Expires=1779181456&Signature=WnZwSDPFqil56tTSuB%2FfroazRpytCsn5n4zGvMBmODR65fcpZVBCUOgtOZ%2B0dgedBF4gh%2BOy7yh4nHmhGzAJYCOYqolvHb6HOmxUGHtEM4mHKCDL%2BNPh5YqYQHjlVRnAxKnb8T%2FWA%2FTDztjpaQkdr%2FPNgFFRX13SpwGALtBWsjSFwNVFF7iqQEpsE8CmXoLN7iYko5cJ9c6tTOHAJpJMWj445O8y%2FofLlQJgrWDbE%2B5NCvXZDIRVKyuiTz7XgCoHnvvsSGJk%2FHTNuBkyClN0FAuqMNqJ9%2B11l3FSzOgChk8jOdZPU6qPFvG9nV4aMQK47k6B3Pcc7XJ8VbX%2B1WX6sQ%3D%3D","storageSource":{"bucket":"gcf-v2-uploads-453199311544.us-central1.cloudfunctions.appspot.com","object":"802031e1-f344-40c6-a1a6-4b69288176a0.zip"}}
[debug] [2026-05-19T08:34:16.566Z] >>> [apiv2][query] PUT https://storage.googleapis.com/gcf-v2-uploads-453199311544.us-central1.cloudfunctions.appspot.com/802031e1-f344-40c6-a1a6-4b69288176a0.zip GoogleAccessId=service-453199311544%40gcf-admin-robot.iam.gserviceaccount.com&Expires=1779181456&Signature=WnZwSDPFqil56tTSuB%2FfroazRpytCsn5n4zGvMBmODR65fcpZVBCUOgtOZ%2B0dgedBF4gh%2BOy7yh4nHmhGzAJYCOYqolvHb6HOmxUGHtEM4mHKCDL%2BNPh5YqYQHjlVRnAxKnb8T%2FWA%2FTDztjpaQkdr%2FPNgFFRX13SpwGALtBWsjSFwNVFF7iqQEpsE8CmXoLN7iYko5cJ9c6tTOHAJpJMWj445O8y%2FofLlQJgrWDbE%2B5NCvXZDIRVKyuiTz7XgCoHnvvsSGJk%2FHTNuBkyClN0FAuqMNqJ9%2B11l3FSzOgChk8jOdZPU6qPFvG9nV4aMQK47k6B3Pcc7XJ8VbX%2B1WX6sQ%3D%3D
[debug] [2026-05-19T08:34:16.566Z] >>> [apiv2][body] PUT https://storage.googleapis.com/gcf-v2-uploads-453199311544.us-central1.cloudfunctions.appspot.com/802031e1-f344-40c6-a1a6-4b69288176a0.zip [stream]
[debug] [2026-05-19T08:34:17.075Z] <<< [apiv2][status] PUT https://storage.googleapis.com/gcf-v2-uploads-453199311544.us-central1.cloudfunctions.appspot.com/802031e1-f344-40c6-a1a6-4b69288176a0.zip 200
[debug] [2026-05-19T08:34:17.075Z] <<< [apiv2][body] PUT https://storage.googleapis.com/gcf-v2-uploads-453199311544.us-central1.cloudfunctions.appspot.com/802031e1-f344-40c6-a1a6-4b69288176a0.zip [omitted]
[info] +  functions: functions source uploaded successfully 
[info] i  hosting[travelframe-4e1fb]: beginning deploy... 
[info] i  hosting[travelframe-4e1fb]: found 8 files in admin 
[debug] [2026-05-19T08:34:17.089Z] [hosting] uploading with 200 concurrency
[debug] [2026-05-19T08:34:17.098Z] Checked if tokens are valid: true, expires at: 1779182841239
[debug] [2026-05-19T08:34:17.098Z] Checked if tokens are valid: true, expires at: 1779182841239
[debug] [2026-05-19T08:34:17.099Z] [hosting] hash cache [YWRtaW4] stored for 8 files
[debug] [2026-05-19T08:34:17.099Z] [hosting][hash queue][FINAL] {"max":5,"min":2,"avg":2.625,"active":0,"complete":8,"success":8,"errored":0,"retried":0,"total":8,"elapsed":7}
[debug] [2026-05-19T08:34:17.099Z] >>> [apiv2][query] POST https://firebasehosting.googleapis.com/v1beta1/projects/453199311544/sites/travelframe-4e1fb/versions/8780c9eebcf59780:populateFiles [none]
[debug] [2026-05-19T08:34:17.100Z] >>> [apiv2][body] POST https://firebasehosting.googleapis.com/v1beta1/projects/453199311544/sites/travelframe-4e1fb/versions/8780c9eebcf59780:populateFiles {"files":{"/styles.css":"2185dd3648498aea873f6f72d1e57269c03be36facf773b751c24a308fdbae81","/index.html":"57b9d2bd6ebc0e332decaa10a6e4f4edb7c56f351ca8de070dd92bd0450d5282","/favicon.svg":"0b63bbd7a0d452294b144e357347bc295b58e376019aa93d1123fcb7c3744312","/favicon.png":"52551a592fcebacaf92548ad3ac3db9e2b1ce52d4563c3bea4ff73a9b69dcfd3","/admin.js":"bb5de06f86389aa1516d306387d33517d78893004b118eb2570e22caff395ebe","/404.html":"762bf484ba67404bd1a3b181546ea28d60dfddf18e9dd4795d8d25bcf3c1a890","/privacy/photo-guide-delete-account.html":"302e3c4cfdbf96526ab4db622bc8c6bae28f18a9a7164e2b59b04219eb1a65ee","/privacy/index.html":"ca4e320c0e76335e0fc64fe10fd549494b32620a8aa99af824e457ecfcf660db"}}
[debug] [2026-05-19T08:34:18.024Z] <<< [apiv2][status] POST https://firebasehosting.googleapis.com/v1beta1/projects/453199311544/sites/travelframe-4e1fb/versions/8780c9eebcf59780:populateFiles 200
[debug] [2026-05-19T08:34:18.024Z] <<< [apiv2][body] POST https://firebasehosting.googleapis.com/v1beta1/projects/453199311544/sites/travelframe-4e1fb/versions/8780c9eebcf59780:populateFiles {"uploadRequiredHashes":["302e3c4cfdbf96526ab4db622bc8c6bae28f18a9a7164e2b59b04219eb1a65ee","ca4e320c0e76335e0fc64fe10fd549494b32620a8aa99af824e457ecfcf660db"],"uploadUrl":"https://upload-firebasehosting.googleapis.com/upload/sites/travelframe-4e1fb/versions/8780c9eebcf59780/files"}
[debug] [2026-05-19T08:34:18.024Z] Checked if tokens are valid: true, expires at: 1779182841239
[debug] [2026-05-19T08:34:18.025Z] Checked if tokens are valid: true, expires at: 1779182841239
[debug] [2026-05-19T08:34:18.025Z] Checked if tokens are valid: true, expires at: 1779182841239
[debug] [2026-05-19T08:34:18.025Z] Checked if tokens are valid: true, expires at: 1779182841239
[debug] [2026-05-19T08:34:18.025Z] >>> [apiv2][query] POST https://upload-firebasehosting.googleapis.com/upload/sites/travelframe-4e1fb/versions/8780c9eebcf59780/files/302e3c4cfdbf96526ab4db622bc8c6bae28f18a9a7164e2b59b04219eb1a65ee [none]
[debug] [2026-05-19T08:34:18.025Z] >>> [apiv2][body] POST https://upload-firebasehosting.googleapis.com/upload/sites/travelframe-4e1fb/versions/8780c9eebcf59780/files/302e3c4cfdbf96526ab4db622bc8c6bae28f18a9a7164e2b59b04219eb1a65ee [stream]
[debug] [2026-05-19T08:34:18.026Z] >>> [apiv2][query] POST https://upload-firebasehosting.googleapis.com/upload/sites/travelframe-4e1fb/versions/8780c9eebcf59780/files/ca4e320c0e76335e0fc64fe10fd549494b32620a8aa99af824e457ecfcf660db [none]
[debug] [2026-05-19T08:34:18.026Z] >>> [apiv2][body] POST https://upload-firebasehosting.googleapis.com/upload/sites/travelframe-4e1fb/versions/8780c9eebcf59780/files/ca4e320c0e76335e0fc64fe10fd549494b32620a8aa99af824e457ecfcf660db [stream]
[debug] [2026-05-19T08:34:18.027Z] [hosting][populate queue][FINAL] {"max":927,"min":927,"avg":927,"active":0,"complete":1,"success":1,"errored":0,"retried":0,"total":1,"elapsed":929}
[debug] [2026-05-19T08:34:18.027Z] [hosting] uploads queued: 2
[debug] [2026-05-19T08:34:19.471Z] <<< [apiv2][status] POST https://upload-firebasehosting.googleapis.com/upload/sites/travelframe-4e1fb/versions/8780c9eebcf59780/files/ca4e320c0e76335e0fc64fe10fd549494b32620a8aa99af824e457ecfcf660db 200
[debug] [2026-05-19T08:34:19.472Z] <<< [apiv2][body] POST https://upload-firebasehosting.googleapis.com/upload/sites/travelframe-4e1fb/versions/8780c9eebcf59780/files/ca4e320c0e76335e0fc64fe10fd549494b32620a8aa99af824e457ecfcf660db [stream]
[debug] [2026-05-19T08:34:19.523Z] <<< [apiv2][status] POST https://upload-firebasehosting.googleapis.com/upload/sites/travelframe-4e1fb/versions/8780c9eebcf59780/files/302e3c4cfdbf96526ab4db622bc8c6bae28f18a9a7164e2b59b04219eb1a65ee 200
[debug] [2026-05-19T08:34:19.523Z] <<< [apiv2][body] POST https://upload-firebasehosting.googleapis.com/upload/sites/travelframe-4e1fb/versions/8780c9eebcf59780/files/302e3c4cfdbf96526ab4db622bc8c6bae28f18a9a7164e2b59b04219eb1a65ee [stream]
[debug] [2026-05-19T08:34:19.523Z] [hosting][upload queue][FINAL] {"max":1499,"min":1447,"avg":1473,"active":0,"complete":2,"success":2,"errored":0,"retried":0,"total":2,"elapsed":1499}
[info] +  hosting[travelframe-4e1fb]: file upload complete 
[debug] [2026-05-19T08:34:19.524Z] [hosting] deploy completed after 2446ms
[debug] [2026-05-19T08:34:19.524Z] [rules] releasing firebase.storage/travelframe-4e1fb.firebasestorage.app with ruleset projects/travelframe-4e1fb/rulesets/12a7aac4-8399-45be-8386-da5d263cc8e2
[debug] [2026-05-19T08:34:19.524Z] Checked if tokens are valid: true, expires at: 1779182841239
[debug] [2026-05-19T08:34:19.524Z] Checked if tokens are valid: true, expires at: 1779182841239
[debug] [2026-05-19T08:34:19.524Z] >>> [apiv2][query] PATCH https://firebaserules.googleapis.com/v1/projects/travelframe-4e1fb/releases/firebase.storage/travelframe-4e1fb.firebasestorage.app [none]
[debug] [2026-05-19T08:34:19.524Z] >>> [apiv2][body] PATCH https://firebaserules.googleapis.com/v1/projects/travelframe-4e1fb/releases/firebase.storage/travelframe-4e1fb.firebasestorage.app {"release":{"name":"projects/travelframe-4e1fb/releases/firebase.storage/travelframe-4e1fb.firebasestorage.app","rulesetName":"projects/travelframe-4e1fb/rulesets/12a7aac4-8399-45be-8386-da5d263cc8e2"}}
[debug] [2026-05-19T08:34:20.726Z] <<< [apiv2][status] PATCH https://firebaserules.googleapis.com/v1/projects/travelframe-4e1fb/releases/firebase.storage/travelframe-4e1fb.firebasestorage.app 200
[debug] [2026-05-19T08:34:20.726Z] <<< [apiv2][body] PATCH https://firebaserules.googleapis.com/v1/projects/travelframe-4e1fb/releases/firebase.storage/travelframe-4e1fb.firebasestorage.app {"name":"projects/travelframe-4e1fb/releases/firebase.storage/travelframe-4e1fb.firebasestorage.app","rulesetName":"projects/travelframe-4e1fb/rulesets/12a7aac4-8399-45be-8386-da5d263cc8e2","createTime":"2026-05-14T05:18:08.207861Z","updateTime":"2026-05-19T08:34:20.812572Z"}
[debug] [2026-05-19T08:34:20.726Z] [rules] updated release projects/travelframe-4e1fb/releases/firebase.storage/travelframe-4e1fb.firebasestorage.app
[info] +  storage: released rules storage.rules to firebase.storage 
[debug] [2026-05-19T08:34:20.727Z] [rules] releasing cloud.firestore with ruleset projects/travelframe-4e1fb/rulesets/c9a63254-18f4-4286-852b-69e05a0465ce
[debug] [2026-05-19T08:34:20.727Z] Checked if tokens are valid: true, expires at: 1779182841239
[debug] [2026-05-19T08:34:20.727Z] Checked if tokens are valid: true, expires at: 1779182841239
[debug] [2026-05-19T08:34:20.727Z] >>> [apiv2][query] PATCH https://firebaserules.googleapis.com/v1/projects/travelframe-4e1fb/releases/cloud.firestore [none]
[debug] [2026-05-19T08:34:20.727Z] >>> [apiv2][body] PATCH https://firebaserules.googleapis.com/v1/projects/travelframe-4e1fb/releases/cloud.firestore {"release":{"name":"projects/travelframe-4e1fb/releases/cloud.firestore","rulesetName":"projects/travelframe-4e1fb/rulesets/c9a63254-18f4-4286-852b-69e05a0465ce"}}
[debug] [2026-05-19T08:34:21.875Z] <<< [apiv2][status] PATCH https://firebaserules.googleapis.com/v1/projects/travelframe-4e1fb/releases/cloud.firestore 200
[debug] [2026-05-19T08:34:21.875Z] <<< [apiv2][body] PATCH https://firebaserules.googleapis.com/v1/projects/travelframe-4e1fb/releases/cloud.firestore {"name":"projects/travelframe-4e1fb/releases/cloud.firestore","rulesetName":"projects/travelframe-4e1fb/rulesets/c9a63254-18f4-4286-852b-69e05a0465ce","createTime":"2026-05-14T05:16:00.785203Z","updateTime":"2026-05-19T08:34:21.961888Z"}
[debug] [2026-05-19T08:34:21.875Z] [rules] updated release projects/travelframe-4e1fb/releases/cloud.firestore
[info] +  firestore: released rules firestore.rules to cloud.firestore 
[info] i  functions: creating Node.js 20 (2nd Gen) function reserveBackupUpload(us-central1)... 
[info] i  functions: creating Node.js 20 (2nd Gen) function completeBackupUpload(us-central1)... 
[info] i  functions: creating Node.js 20 (2nd Gen) function releaseBackupUpload(us-central1)... 
[info] i  functions: creating Node.js 20 (2nd Gen) function deleteCloudBackupData(us-central1)... 
[debug] [2026-05-19T08:34:21.879Z] Checked if tokens are valid: true, expires at: 1779182841239
[debug] [2026-05-19T08:34:21.879Z] Checked if tokens are valid: true, expires at: 1779182841239
[debug] [2026-05-19T08:34:21.879Z] >>> [apiv2][query] POST https://cloudfunctions.googleapis.com/v2/projects/travelframe-4e1fb/locations/us-central1/functions functionId=reserveBackupUpload
[debug] [2026-05-19T08:34:21.879Z] >>> [apiv2][body] POST https://cloudfunctions.googleapis.com/v2/projects/travelframe-4e1fb/locations/us-central1/functions {"name":"projects/travelframe-4e1fb/locations/us-central1/functions/reserveBackupUpload","buildConfig":{"runtime":"nodejs20","entryPoint":"reserveBackupUpload","source":{"storageSource":{"bucket":"gcf-v2-uploads-453199311544.us-central1.cloudfunctions.appspot.com","object":"802031e1-f344-40c6-a1a6-4b69288176a0.zip"}},"environmentVariables":{"GOOGLE_NODE_RUN_SCRIPTS":""}},"serviceConfig":{"environmentVariables":{"FIREBASE_CONFIG":"{\"projectId\":\"travelframe-4e1fb\",\"storageBucket\":\"travelframe-4e1fb.firebasestorage.app\"}","GCLOUD_PROJECT":"travelframe-4e1fb","EVENTARC_CLOUD_EVENT_SOURCE":"projects/travelframe-4e1fb/locations/us-central1/services/reserveBackupUpload","FUNCTION_TARGET":"reserveBackupUpload","LOG_EXECUTION_ID":"true"},"ingressSettings":null,"timeoutSeconds":null,"serviceAccountEmail":null,"availableMemory":"256Mi","minInstanceCount":null,"maxInstanceCount":null,"maxInstanceRequestConcurrency":80,"availableCpu":"1","vpcConnector":null,"vpcConnectorEgressSettings":null,"directVpcNetworkInterface":null,"directVpcEgress":null},"labels":{"deployment-tool":"cli-firebase","deployment-callable":"true","firebase-functions-hash":"143ebb8729b199aef3555108906e792a0e5a2cf4"}}
[debug] [2026-05-19T08:34:24.292Z] <<< [apiv2][status] POST https://cloudfunctions.googleapis.com/v2/projects/travelframe-4e1fb/locations/us-central1/functions 200
[debug] [2026-05-19T08:34:24.292Z] <<< [apiv2][body] POST https://cloudfunctions.googleapis.com/v2/projects/travelframe-4e1fb/locations/us-central1/functions {"name":"projects/travelframe-4e1fb/locations/us-central1/operations/operation-1779179663142-652278bd02ccd-558fe2b3-ae3d167d","metadata":{"@type":"type.googleapis.com/google.cloud.functions.v2.OperationMetadata","createTime":"2026-05-19T08:34:24.362682457Z","target":"projects/travelframe-4e1fb/locations/us-central1/functions/reserveBackupUpload","verb":"create","cancelRequested":false,"apiVersion":"v2"},"done":false}
[debug] [2026-05-19T08:34:24.292Z] Checked if tokens are valid: true, expires at: 1779182841239
[debug] [2026-05-19T08:34:24.292Z] Checked if tokens are valid: true, expires at: 1779182841239
[debug] [2026-05-19T08:34:24.293Z] >>> [apiv2][query] GET https://cloudfunctions.googleapis.com/v2/projects/travelframe-4e1fb/locations/us-central1/operations/operation-1779179663142-652278bd02ccd-558fe2b3-ae3d167d [none]
[debug] [2026-05-19T08:34:24.559Z] <<< [apiv2][status] GET https://cloudfunctions.googleapis.com/v2/projects/travelframe-4e1fb/locations/us-central1/operations/operation-1779179663142-652278bd02ccd-558fe2b3-ae3d167d 200
[debug] [2026-05-19T08:34:24.560Z] <<< [apiv2][body] GET https://cloudfunctions.googleapis.com/v2/projects/travelframe-4e1fb/locations/us-central1/operations/operation-1779179663142-652278bd02ccd-558fe2b3-ae3d167d {"name":"projects/travelframe-4e1fb/locations/us-central1/operations/operation-1779179663142-652278bd02ccd-558fe2b3-ae3d167d","metadata":{"@type":"type.googleapis.com/google.cloud.functions.v2.OperationMetadata","createTime":"2026-05-19T08:34:24.362682457Z","target":"projects/travelframe-4e1fb/locations/us-central1/functions/reserveBackupUpload","verb":"create","cancelRequested":false,"apiVersion":"v2"},"done":false}
[debug] [2026-05-19T08:34:25.074Z] [create-default-us-central1-reserveBackupUpload] Retrying task index 0
[debug] [2026-05-19T08:34:25.074Z] Checked if tokens are valid: true, expires at: 1779182841239
[debug] [2026-05-19T08:34:25.074Z] Checked if tokens are valid: true, expires at: 1779182841239
[debug] [2026-05-19T08:34:25.075Z] >>> [apiv2][query] GET https://cloudfunctions.googleapis.com/v2/projects/travelframe-4e1fb/locations/us-central1/operations/operation-1779179663142-652278bd02ccd-558fe2b3-ae3d167d [none]
[debug] [2026-05-19T08:34:26.182Z] <<< [apiv2][status] GET https://cloudfunctions.googleapis.com/v2/projects/travelframe-4e1fb/locations/us-central1/operations/operation-1779179663142-652278bd02ccd-558fe2b3-ae3d167d 200
[debug] [2026-05-19T08:34:26.182Z] <<< [apiv2][body] GET https://cloudfunctions.googleapis.com/v2/projects/travelframe-4e1fb/locations/us-central1/operations/operation-1779179663142-652278bd02ccd-558fe2b3-ae3d167d {"name":"projects/travelframe-4e1fb/locations/us-central1/operations/operation-1779179663142-652278bd02ccd-558fe2b3-ae3d167d","metadata":{"@type":"type.googleapis.com/google.cloud.functions.v2.OperationMetadata","createTime":"2026-05-19T08:34:24.362682457Z","target":"projects/travelframe-4e1fb/locations/us-central1/functions/reserveBackupUpload","verb":"create","cancelRequested":false,"apiVersion":"v2","requestResource":{"@type":"type.googleapis.com/google.cloud.functions.v2.Function","name":"projects/travelframe-4e1fb/locations/us-central1/functions/reserveBackupUpload","buildConfig":{"runtime":"nodejs20","entryPoint":"reserveBackupUpload","source":{"storageSource":{"bucket":"gcf-v2-sources-453199311544-us-central1","object":"reserveBackupUpload/function-source.zip","generation":"1779179664084796"}},"environmentVariables":{"GOOGLE_NODE_RUN_SCRIPTS":""},"serviceAccount":"projects/travelframe-4e1fb/serviceAccounts/453199311544-compute@developer.gserviceaccount.com","automaticUpdatePolicy":{}},"serviceConfig":{"service":"projects/travelframe-4e1fb/locations/us-central1/services/reservebackupupload","timeoutSeconds":60,"environmentVariables":{"FIREBASE_CONFIG":"{\"projectId\":\"travelframe-4e1fb\",\"storageBucket\":\"travelframe-4e1fb.firebasestorage.app\"}","GCLOUD_PROJECT":"travelframe-4e1fb","EVENTARC_CLOUD_EVENT_SOURCE":"projects/travelframe-4e1fb/locations/us-central1/services/reserveBackupUpload","FUNCTION_TARGET":"reserveBackupUpload","LOG_EXECUTION_ID":"true"},"ingressSettings":"ALLOW_ALL","serviceAccountEmail":"453199311544-compute@developer.gserviceaccount.com","availableMemory":"256Mi","maxInstanceRequestConcurrency":80,"availableCpu":"1"},"labels":{"deployment-tool":"cli-firebase","deployment-callable":"true","firebase-functions-hash":"143ebb8729b199aef3555108906e792a0e5a2cf4"},"environment":"GEN_2"},"stages":[{"name":"BUILD","state":"NOT_STARTED","stateMessages":[{"severity":"WARNING","type":"BuildAnalysisWarning","message":"Node.js 20 is no longer supported by the Node.js community as of 30 April, 2026. Runtime nodejs20 is currently deprecated for Cloud Functions. We recommend you to upgrade to the latest version of Node.js as soon as possible."}]},{"name":"SERVICE","state":"NOT_STARTED"}],"operationType":"CREATE_FUNCTION"},"done":false}
[debug] [2026-05-19T08:34:27.197Z] [create-default-us-central1-reserveBackupUpload] Retrying task index 0
[debug] [2026-05-19T08:34:27.197Z] Checked if tokens are valid: true, expires at: 1779182841239
[debug] [2026-05-19T08:34:27.197Z] Checked if tokens are valid: true, expires at: 1779182841239
[debug] [2026-05-19T08:34:27.197Z] >>> [apiv2][query] GET https://cloudfunctions.googleapis.com/v2/projects/travelframe-4e1fb/locations/us-central1/operations/operation-1779179663142-652278bd02ccd-558fe2b3-ae3d167d [none]
[debug] [2026-05-19T08:34:28.209Z] <<< [apiv2][status] GET https://cloudfunctions.googleapis.com/v2/projects/travelframe-4e1fb/locations/us-central1/operations/operation-1779179663142-652278bd02ccd-558fe2b3-ae3d167d 200
[debug] [2026-05-19T08:34:28.209Z] <<< [apiv2][body] GET https://cloudfunctions.googleapis.com/v2/projects/travelframe-4e1fb/locations/us-central1/operations/operation-1779179663142-652278bd02ccd-558fe2b3-ae3d167d {"name":"projects/travelframe-4e1fb/locations/us-central1/operations/operation-1779179663142-652278bd02ccd-558fe2b3-ae3d167d","metadata":{"@type":"type.googleapis.com/google.cloud.functions.v2.OperationMetadata","createTime":"2026-05-19T08:34:24.362682457Z","target":"projects/travelframe-4e1fb/locations/us-central1/functions/reserveBackupUpload","verb":"create","cancelRequested":false,"apiVersion":"v2","requestResource":{"@type":"type.googleapis.com/google.cloud.functions.v2.Function","name":"projects/travelframe-4e1fb/locations/us-central1/functions/reserveBackupUpload","buildConfig":{"runtime":"nodejs20","entryPoint":"reserveBackupUpload","source":{"storageSource":{"bucket":"gcf-v2-sources-453199311544-us-central1","object":"reserveBackupUpload/function-source.zip","generation":"1779179664084796"}},"environmentVariables":{"GOOGLE_NODE_RUN_SCRIPTS":""},"serviceAccount":"projects/travelframe-4e1fb/serviceAccounts/453199311544-compute@developer.gserviceaccount.com","automaticUpdatePolicy":{}},"serviceConfig":{"service":"projects/travelframe-4e1fb/locations/us-central1/services/reservebackupupload","timeoutSeconds":60,"environmentVariables":{"FIREBASE_CONFIG":"{\"projectId\":\"travelframe-4e1fb\",\"storageBucket\":\"travelframe-4e1fb.firebasestorage.app\"}","GCLOUD_PROJECT":"travelframe-4e1fb","EVENTARC_CLOUD_EVENT_SOURCE":"projects/travelframe-4e1fb/locations/us-central1/services/reserveBackupUpload","FUNCTION_TARGET":"reserveBackupUpload","LOG_EXECUTION_ID":"true"},"ingressSettings":"ALLOW_ALL","serviceAccountEmail":"453199311544-compute@developer.gserviceaccount.com","availableMemory":"256Mi","maxInstanceRequestConcurrency":80,"availableCpu":"1"},"labels":{"deployment-tool":"cli-firebase","deployment-callable":"true","firebase-functions-hash":"143ebb8729b199aef3555108906e792a0e5a2cf4"},"environment":"GEN_2"},"stages":[{"name":"BUILD","state":"NOT_STARTED","stateMessages":[{"severity":"WARNING","type":"BuildAnalysisWarning","message":"Node.js 20 is no longer supported by the Node.js community as of 30 April, 2026. Runtime nodejs20 is currently deprecated for Cloud Functions. We recommend you to upgrade to the latest version of Node.js as soon as possible."}]},{"name":"SERVICE","state":"NOT_STARTED"}],"operationType":"CREATE_FUNCTION"},"done":false}
[debug] [2026-05-19T08:34:30.212Z] [create-default-us-central1-reserveBackupUpload] Retrying task index 0
[debug] [2026-05-19T08:34:30.213Z] Checked if tokens are valid: true, expires at: 1779182841239
[debug] [2026-05-19T08:34:30.213Z] Checked if tokens are valid: true, expires at: 1779182841239
[debug] [2026-05-19T08:34:30.213Z] >>> [apiv2][query] GET https://cloudfunctions.googleapis.com/v2/projects/travelframe-4e1fb/locations/us-central1/operations/operation-1779179663142-652278bd02ccd-558fe2b3-ae3d167d [none]
[debug] [2026-05-19T08:34:31.254Z] <<< [apiv2][status] GET https://cloudfunctions.googleapis.com/v2/projects/travelframe-4e1fb/locations/us-central1/operations/operation-1779179663142-652278bd02ccd-558fe2b3-ae3d167d 200
[debug] [2026-05-19T08:34:31.254Z] <<< [apiv2][body] GET https://cloudfunctions.googleapis.com/v2/projects/travelframe-4e1fb/locations/us-central1/operations/operation-1779179663142-652278bd02ccd-558fe2b3-ae3d167d {"name":"projects/travelframe-4e1fb/locations/us-central1/operations/operation-1779179663142-652278bd02ccd-558fe2b3-ae3d167d","metadata":{"@type":"type.googleapis.com/google.cloud.functions.v2.OperationMetadata","createTime":"2026-05-19T08:34:24.362682457Z","target":"projects/travelframe-4e1fb/locations/us-central1/functions/reserveBackupUpload","verb":"create","cancelRequested":false,"apiVersion":"v2","requestResource":{"@type":"type.googleapis.com/google.cloud.functions.v2.Function","name":"projects/travelframe-4e1fb/locations/us-central1/functions/reserveBackupUpload","buildConfig":{"runtime":"nodejs20","entryPoint":"reserveBackupUpload","source":{"storageSource":{"bucket":"gcf-v2-sources-453199311544-us-central1","object":"reserveBackupUpload/function-source.zip","generation":"1779179664084796"}},"environmentVariables":{"GOOGLE_NODE_RUN_SCRIPTS":""},"serviceAccount":"projects/travelframe-4e1fb/serviceAccounts/453199311544-compute@developer.gserviceaccount.com","automaticUpdatePolicy":{}},"serviceConfig":{"service":"projects/travelframe-4e1fb/locations/us-central1/services/reservebackupupload","timeoutSeconds":60,"environmentVariables":{"FIREBASE_CONFIG":"{\"projectId\":\"travelframe-4e1fb\",\"storageBucket\":\"travelframe-4e1fb.firebasestorage.app\"}","GCLOUD_PROJECT":"travelframe-4e1fb","EVENTARC_CLOUD_EVENT_SOURCE":"projects/travelframe-4e1fb/locations/us-central1/services/reserveBackupUpload","FUNCTION_TARGET":"reserveBackupUpload","LOG_EXECUTION_ID":"true"},"ingressSettings":"ALLOW_ALL","serviceAccountEmail":"453199311544-compute@developer.gserviceaccount.com","availableMemory":"256Mi","maxInstanceRequestConcurrency":80,"availableCpu":"1"},"labels":{"deployment-tool":"cli-firebase","deployment-callable":"true","firebase-functions-hash":"143ebb8729b199aef3555108906e792a0e5a2cf4"},"environment":"GEN_2"},"stages":[{"name":"BUILD","state":"NOT_STARTED","stateMessages":[{"severity":"WARNING","type":"BuildAnalysisWarning","message":"Node.js 20 is no longer supported by the Node.js community as of 30 April, 2026. Runtime nodejs20 is currently deprecated for Cloud Functions. We recommend you to upgrade to the latest version of Node.js as soon as possible."}]},{"name":"SERVICE","state":"NOT_STARTED"}],"operationType":"CREATE_FUNCTION"},"done":false}
[debug] [2026-05-19T08:34:35.259Z] [create-default-us-central1-reserveBackupUpload] Retrying task index 0
[debug] [2026-05-19T08:34:35.259Z] Checked if tokens are valid: true, expires at: 1779182841239
[debug] [2026-05-19T08:34:35.259Z] Checked if tokens are valid: true, expires at: 1779182841239
[debug] [2026-05-19T08:34:35.259Z] >>> [apiv2][query] GET https://cloudfunctions.googleapis.com/v2/projects/travelframe-4e1fb/locations/us-central1/operations/operation-1779179663142-652278bd02ccd-558fe2b3-ae3d167d [none]
[debug] [2026-05-19T08:34:36.304Z] <<< [apiv2][status] GET https://cloudfunctions.googleapis.com/v2/projects/travelframe-4e1fb/locations/us-central1/operations/operation-1779179663142-652278bd02ccd-558fe2b3-ae3d167d 200
[debug] [2026-05-19T08:34:36.304Z] <<< [apiv2][body] GET https://cloudfunctions.googleapis.com/v2/projects/travelframe-4e1fb/locations/us-central1/operations/operation-1779179663142-652278bd02ccd-558fe2b3-ae3d167d {"name":"projects/travelframe-4e1fb/locations/us-central1/operations/operation-1779179663142-652278bd02ccd-558fe2b3-ae3d167d","metadata":{"@type":"type.googleapis.com/google.cloud.functions.v2.OperationMetadata","createTime":"2026-05-19T08:34:24.362682457Z","target":"projects/travelframe-4e1fb/locations/us-central1/functions/reserveBackupUpload","verb":"create","cancelRequested":false,"apiVersion":"v2","requestResource":{"@type":"type.googleapis.com/google.cloud.functions.v2.Function","name":"projects/travelframe-4e1fb/locations/us-central1/functions/reserveBackupUpload","buildConfig":{"runtime":"nodejs20","entryPoint":"reserveBackupUpload","source":{"storageSource":{"bucket":"gcf-v2-sources-453199311544-us-central1","object":"reserveBackupUpload/function-source.zip","generation":"1779179664084796"}},"environmentVariables":{"GOOGLE_NODE_RUN_SCRIPTS":""},"serviceAccount":"projects/travelframe-4e1fb/serviceAccounts/453199311544-compute@developer.gserviceaccount.com","automaticUpdatePolicy":{}},"serviceConfig":{"service":"projects/travelframe-4e1fb/locations/us-central1/services/reservebackupupload","timeoutSeconds":60,"environmentVariables":{"FIREBASE_CONFIG":"{\"projectId\":\"travelframe-4e1fb\",\"storageBucket\":\"travelframe-4e1fb.firebasestorage.app\"}","GCLOUD_PROJECT":"travelframe-4e1fb","EVENTARC_CLOUD_EVENT_SOURCE":"projects/travelframe-4e1fb/locations/us-central1/services/reserveBackupUpload","FUNCTION_TARGET":"reserveBackupUpload","LOG_EXECUTION_ID":"true"},"ingressSettings":"ALLOW_ALL","serviceAccountEmail":"453199311544-compute@developer.gserviceaccount.com","availableMemory":"256Mi","maxInstanceRequestConcurrency":80,"availableCpu":"1"},"labels":{"deployment-tool":"cli-firebase","deployment-callable":"true","firebase-functions-hash":"143ebb8729b199aef3555108906e792a0e5a2cf4"},"environment":"GEN_2"},"stages":[{"name":"BUILD","message":"Build in progress","state":"IN_PROGRESS","resource":"projects/453199311544/locations/us-central1/builds/ed013a99-ae70-4456-ba03-dff15f22d2af","resourceUri":"https://console.cloud.google.com/cloud-build/builds;region=us-central1/ed013a99-ae70-4456-ba03-dff15f22d2af?project=453199311544"},{"name":"SERVICE","state":"NOT_STARTED"}],"operationType":"CREATE_FUNCTION","buildName":"projects/453199311544/locations/us-central1/builds/ed013a99-ae70-4456-ba03-dff15f22d2af"},"done":false}
[debug] [2026-05-19T08:34:44.318Z] [create-default-us-central1-reserveBackupUpload] Retrying task index 0
[debug] [2026-05-19T08:34:44.318Z] Checked if tokens are valid: true, expires at: 1779182841239
[debug] [2026-05-19T08:34:44.318Z] Checked if tokens are valid: true, expires at: 1779182841239
[debug] [2026-05-19T08:34:44.318Z] >>> [apiv2][query] GET https://cloudfunctions.googleapis.com/v2/projects/travelframe-4e1fb/locations/us-central1/operations/operation-1779179663142-652278bd02ccd-558fe2b3-ae3d167d [none]
[debug] [2026-05-19T08:34:45.444Z] <<< [apiv2][status] GET https://cloudfunctions.googleapis.com/v2/projects/travelframe-4e1fb/locations/us-central1/operations/operation-1779179663142-652278bd02ccd-558fe2b3-ae3d167d 200
[debug] [2026-05-19T08:34:45.444Z] <<< [apiv2][body] GET https://cloudfunctions.googleapis.com/v2/projects/travelframe-4e1fb/locations/us-central1/operations/operation-1779179663142-652278bd02ccd-558fe2b3-ae3d167d {"name":"projects/travelframe-4e1fb/locations/us-central1/operations/operation-1779179663142-652278bd02ccd-558fe2b3-ae3d167d","metadata":{"@type":"type.googleapis.com/google.cloud.functions.v2.OperationMetadata","createTime":"2026-05-19T08:34:24.362682457Z","target":"projects/travelframe-4e1fb/locations/us-central1/functions/reserveBackupUpload","verb":"create","cancelRequested":false,"apiVersion":"v2","requestResource":{"@type":"type.googleapis.com/google.cloud.functions.v2.Function","name":"projects/travelframe-4e1fb/locations/us-central1/functions/reserveBackupUpload","buildConfig":{"runtime":"nodejs20","entryPoint":"reserveBackupUpload","source":{"storageSource":{"bucket":"gcf-v2-sources-453199311544-us-central1","object":"reserveBackupUpload/function-source.zip","generation":"1779179664084796"}},"environmentVariables":{"GOOGLE_NODE_RUN_SCRIPTS":""},"serviceAccount":"projects/travelframe-4e1fb/serviceAccounts/453199311544-compute@developer.gserviceaccount.com","automaticUpdatePolicy":{}},"serviceConfig":{"service":"projects/travelframe-4e1fb/locations/us-central1/services/reservebackupupload","timeoutSeconds":60,"environmentVariables":{"FIREBASE_CONFIG":"{\"projectId\":\"travelframe-4e1fb\",\"storageBucket\":\"travelframe-4e1fb.firebasestorage.app\"}","GCLOUD_PROJECT":"travelframe-4e1fb","EVENTARC_CLOUD_EVENT_SOURCE":"projects/travelframe-4e1fb/locations/us-central1/services/reserveBackupUpload","FUNCTION_TARGET":"reserveBackupUpload","LOG_EXECUTION_ID":"true"},"ingressSettings":"ALLOW_ALL","serviceAccountEmail":"453199311544-compute@developer.gserviceaccount.com","availableMemory":"256Mi","maxInstanceRequestConcurrency":80,"availableCpu":"1"},"labels":{"deployment-tool":"cli-firebase","deployment-callable":"true","firebase-functions-hash":"143ebb8729b199aef3555108906e792a0e5a2cf4"},"environment":"GEN_2"},"stages":[{"name":"BUILD","message":"Build in progress","state":"IN_PROGRESS","resource":"projects/453199311544/locations/us-central1/builds/ed013a99-ae70-4456-ba03-dff15f22d2af","resourceUri":"https://console.cloud.google.com/cloud-build/builds;region=us-central1/ed013a99-ae70-4456-ba03-dff15f22d2af?project=453199311544"},{"name":"SERVICE","state":"NOT_STARTED"}],"operationType":"CREATE_FUNCTION","buildName":"projects/453199311544/locations/us-central1/builds/ed013a99-ae70-4456-ba03-dff15f22d2af"},"done":false}
[debug] [2026-05-19T08:34:55.456Z] [create-default-us-central1-reserveBackupUpload] Retrying task index 0
[debug] [2026-05-19T08:34:55.456Z] Checked if tokens are valid: true, expires at: 1779182841239
[debug] [2026-05-19T08:34:55.456Z] Checked if tokens are valid: true, expires at: 1779182841239
[debug] [2026-05-19T08:34:55.456Z] >>> [apiv2][query] GET https://cloudfunctions.googleapis.com/v2/projects/travelframe-4e1fb/locations/us-central1/operations/operation-1779179663142-652278bd02ccd-558fe2b3-ae3d167d [none]
[debug] [2026-05-19T08:34:56.548Z] <<< [apiv2][status] GET https://cloudfunctions.googleapis.com/v2/projects/travelframe-4e1fb/locations/us-central1/operations/operation-1779179663142-652278bd02ccd-558fe2b3-ae3d167d 200
[debug] [2026-05-19T08:34:56.548Z] <<< [apiv2][body] GET https://cloudfunctions.googleapis.com/v2/projects/travelframe-4e1fb/locations/us-central1/operations/operation-1779179663142-652278bd02ccd-558fe2b3-ae3d167d {"name":"projects/travelframe-4e1fb/locations/us-central1/operations/operation-1779179663142-652278bd02ccd-558fe2b3-ae3d167d","metadata":{"@type":"type.googleapis.com/google.cloud.functions.v2.OperationMetadata","createTime":"2026-05-19T08:34:24.362682457Z","target":"projects/travelframe-4e1fb/locations/us-central1/functions/reserveBackupUpload","verb":"create","cancelRequested":false,"apiVersion":"v2","requestResource":{"@type":"type.googleapis.com/google.cloud.functions.v2.Function","name":"projects/travelframe-4e1fb/locations/us-central1/functions/reserveBackupUpload","buildConfig":{"runtime":"nodejs20","entryPoint":"reserveBackupUpload","source":{"storageSource":{"bucket":"gcf-v2-sources-453199311544-us-central1","object":"reserveBackupUpload/function-source.zip","generation":"1779179664084796"}},"environmentVariables":{"GOOGLE_NODE_RUN_SCRIPTS":""},"serviceAccount":"projects/travelframe-4e1fb/serviceAccounts/453199311544-compute@developer.gserviceaccount.com","automaticUpdatePolicy":{}},"serviceConfig":{"service":"projects/travelframe-4e1fb/locations/us-central1/services/reservebackupupload","timeoutSeconds":60,"environmentVariables":{"FIREBASE_CONFIG":"{\"projectId\":\"travelframe-4e1fb\",\"storageBucket\":\"travelframe-4e1fb.firebasestorage.app\"}","GCLOUD_PROJECT":"travelframe-4e1fb","EVENTARC_CLOUD_EVENT_SOURCE":"projects/travelframe-4e1fb/locations/us-central1/services/reserveBackupUpload","FUNCTION_TARGET":"reserveBackupUpload","LOG_EXECUTION_ID":"true"},"ingressSettings":"ALLOW_ALL","serviceAccountEmail":"453199311544-compute@developer.gserviceaccount.com","availableMemory":"256Mi","maxInstanceRequestConcurrency":80,"availableCpu":"1"},"labels":{"deployment-tool":"cli-firebase","deployment-callable":"true","firebase-functions-hash":"143ebb8729b199aef3555108906e792a0e5a2cf4"},"environment":"GEN_2"},"stages":[{"name":"BUILD","message":"Build in progress","state":"IN_PROGRESS","resource":"projects/453199311544/locations/us-central1/builds/ed013a99-ae70-4456-ba03-dff15f22d2af","resourceUri":"https://console.cloud.google.com/cloud-build/builds;region=us-central1/ed013a99-ae70-4456-ba03-dff15f22d2af?project=453199311544"},{"name":"SERVICE","state":"NOT_STARTED"}],"operationType":"CREATE_FUNCTION","buildName":"projects/453199311544/locations/us-central1/builds/ed013a99-ae70-4456-ba03-dff15f22d2af"},"done":false}
[debug] [2026-05-19T08:35:06.549Z] [create-default-us-central1-reserveBackupUpload] Retrying task index 0
[debug] [2026-05-19T08:35:06.549Z] Checked if tokens are valid: true, expires at: 1779182841239
[debug] [2026-05-19T08:35:06.549Z] Checked if tokens are valid: true, expires at: 1779182841239
[debug] [2026-05-19T08:35:06.549Z] >>> [apiv2][query] GET https://cloudfunctions.googleapis.com/v2/projects/travelframe-4e1fb/locations/us-central1/operations/operation-1779179663142-652278bd02ccd-558fe2b3-ae3d167d [none]
[debug] [2026-05-19T08:35:07.618Z] <<< [apiv2][status] GET https://cloudfunctions.googleapis.com/v2/projects/travelframe-4e1fb/locations/us-central1/operations/operation-1779179663142-652278bd02ccd-558fe2b3-ae3d167d 200
[debug] [2026-05-19T08:35:07.618Z] <<< [apiv2][body] GET https://cloudfunctions.googleapis.com/v2/projects/travelframe-4e1fb/locations/us-central1/operations/operation-1779179663142-652278bd02ccd-558fe2b3-ae3d167d {"name":"projects/travelframe-4e1fb/locations/us-central1/operations/operation-1779179663142-652278bd02ccd-558fe2b3-ae3d167d","metadata":{"@type":"type.googleapis.com/google.cloud.functions.v2.OperationMetadata","createTime":"2026-05-19T08:34:24.362682457Z","target":"projects/travelframe-4e1fb/locations/us-central1/functions/reserveBackupUpload","verb":"create","cancelRequested":false,"apiVersion":"v2","requestResource":{"@type":"type.googleapis.com/google.cloud.functions.v2.Function","name":"projects/travelframe-4e1fb/locations/us-central1/functions/reserveBackupUpload","buildConfig":{"runtime":"nodejs20","entryPoint":"reserveBackupUpload","source":{"storageSource":{"bucket":"gcf-v2-sources-453199311544-us-central1","object":"reserveBackupUpload/function-source.zip","generation":"1779179664084796"}},"environmentVariables":{"GOOGLE_NODE_RUN_SCRIPTS":""},"serviceAccount":"projects/travelframe-4e1fb/serviceAccounts/453199311544-compute@developer.gserviceaccount.com","automaticUpdatePolicy":{}},"serviceConfig":{"service":"projects/travelframe-4e1fb/locations/us-central1/services/reservebackupupload","timeoutSeconds":60,"environmentVariables":{"FIREBASE_CONFIG":"{\"projectId\":\"travelframe-4e1fb\",\"storageBucket\":\"travelframe-4e1fb.firebasestorage.app\"}","GCLOUD_PROJECT":"travelframe-4e1fb","EVENTARC_CLOUD_EVENT_SOURCE":"projects/travelframe-4e1fb/locations/us-central1/services/reserveBackupUpload","FUNCTION_TARGET":"reserveBackupUpload","LOG_EXECUTION_ID":"true"},"ingressSettings":"ALLOW_ALL","serviceAccountEmail":"453199311544-compute@developer.gserviceaccount.com","availableMemory":"256Mi","maxInstanceRequestConcurrency":80,"availableCpu":"1"},"labels":{"deployment-tool":"cli-firebase","deployment-callable":"true","firebase-functions-hash":"143ebb8729b199aef3555108906e792a0e5a2cf4"},"environment":"GEN_2"},"stages":[{"name":"BUILD","message":"Build in progress","state":"IN_PROGRESS","resource":"projects/453199311544/locations/us-central1/builds/ed013a99-ae70-4456-ba03-dff15f22d2af","resourceUri":"https://console.cloud.google.com/cloud-build/builds;region=us-central1/ed013a99-ae70-4456-ba03-dff15f22d2af?project=453199311544"},{"name":"SERVICE","state":"NOT_STARTED"}],"operationType":"CREATE_FUNCTION","buildName":"projects/453199311544/locations/us-central1/builds/ed013a99-ae70-4456-ba03-dff15f22d2af"},"done":false}
[debug] [2026-05-19T08:35:17.624Z] [create-default-us-central1-reserveBackupUpload] Retrying task index 0
[debug] [2026-05-19T08:35:17.625Z] Checked if tokens are valid: true, expires at: 1779182841239
[debug] [2026-05-19T08:35:17.625Z] Checked if tokens are valid: true, expires at: 1779182841239
[debug] [2026-05-19T08:35:17.625Z] >>> [apiv2][query] GET https://cloudfunctions.googleapis.com/v2/projects/travelframe-4e1fb/locations/us-central1/operations/operation-1779179663142-652278bd02ccd-558fe2b3-ae3d167d [none]
[debug] [2026-05-19T08:35:18.688Z] <<< [apiv2][status] GET https://cloudfunctions.googleapis.com/v2/projects/travelframe-4e1fb/locations/us-central1/operations/operation-1779179663142-652278bd02ccd-558fe2b3-ae3d167d 200
[debug] [2026-05-19T08:35:18.688Z] <<< [apiv2][body] GET https://cloudfunctions.googleapis.com/v2/projects/travelframe-4e1fb/locations/us-central1/operations/operation-1779179663142-652278bd02ccd-558fe2b3-ae3d167d {"name":"projects/travelframe-4e1fb/locations/us-central1/operations/operation-1779179663142-652278bd02ccd-558fe2b3-ae3d167d","metadata":{"@type":"type.googleapis.com/google.cloud.functions.v2.OperationMetadata","createTime":"2026-05-19T08:34:24.362682457Z","target":"projects/travelframe-4e1fb/locations/us-central1/functions/reserveBackupUpload","verb":"create","cancelRequested":false,"apiVersion":"v2","requestResource":{"@type":"type.googleapis.com/google.cloud.functions.v2.Function","name":"projects/travelframe-4e1fb/locations/us-central1/functions/reserveBackupUpload","buildConfig":{"runtime":"nodejs20","entryPoint":"reserveBackupUpload","source":{"storageSource":{"bucket":"gcf-v2-sources-453199311544-us-central1","object":"reserveBackupUpload/function-source.zip","generation":"1779179664084796"}},"environmentVariables":{"GOOGLE_NODE_RUN_SCRIPTS":""},"serviceAccount":"projects/travelframe-4e1fb/serviceAccounts/453199311544-compute@developer.gserviceaccount.com","automaticUpdatePolicy":{}},"serviceConfig":{"service":"projects/travelframe-4e1fb/locations/us-central1/services/reservebackupupload","timeoutSeconds":60,"environmentVariables":{"FIREBASE_CONFIG":"{\"projectId\":\"travelframe-4e1fb\",\"storageBucket\":\"travelframe-4e1fb.firebasestorage.app\"}","GCLOUD_PROJECT":"travelframe-4e1fb","EVENTARC_CLOUD_EVENT_SOURCE":"projects/travelframe-4e1fb/locations/us-central1/services/reserveBackupUpload","FUNCTION_TARGET":"reserveBackupUpload","LOG_EXECUTION_ID":"true"},"ingressSettings":"ALLOW_ALL","serviceAccountEmail":"453199311544-compute@developer.gserviceaccount.com","availableMemory":"256Mi","maxInstanceRequestConcurrency":80,"availableCpu":"1"},"labels":{"deployment-tool":"cli-firebase","deployment-callable":"true","firebase-functions-hash":"143ebb8729b199aef3555108906e792a0e5a2cf4"},"environment":"GEN_2"},"stages":[{"name":"BUILD","message":"Build in progress","state":"IN_PROGRESS","resource":"projects/453199311544/locations/us-central1/builds/ed013a99-ae70-4456-ba03-dff15f22d2af","resourceUri":"https://console.cloud.google.com/cloud-build/builds;region=us-central1/ed013a99-ae70-4456-ba03-dff15f22d2af?project=453199311544"},{"name":"SERVICE","state":"NOT_STARTED"}],"operationType":"CREATE_FUNCTION","buildName":"projects/453199311544/locations/us-central1/builds/ed013a99-ae70-4456-ba03-dff15f22d2af"},"done":false}
[debug] [2026-05-19T08:35:28.692Z] [create-default-us-central1-reserveBackupUpload] Retrying task index 0
[debug] [2026-05-19T08:35:28.692Z] Checked if tokens are valid: true, expires at: 1779182841239
[debug] [2026-05-19T08:35:28.692Z] Checked if tokens are valid: true, expires at: 1779182841239
[debug] [2026-05-19T08:35:28.692Z] >>> [apiv2][query] GET https://cloudfunctions.googleapis.com/v2/projects/travelframe-4e1fb/locations/us-central1/operations/operation-1779179663142-652278bd02ccd-558fe2b3-ae3d167d [none]
[debug] [2026-05-19T08:35:29.776Z] <<< [apiv2][status] GET https://cloudfunctions.googleapis.com/v2/projects/travelframe-4e1fb/locations/us-central1/operations/operation-1779179663142-652278bd02ccd-558fe2b3-ae3d167d 200
[debug] [2026-05-19T08:35:29.776Z] <<< [apiv2][body] GET https://cloudfunctions.googleapis.com/v2/projects/travelframe-4e1fb/locations/us-central1/operations/operation-1779179663142-652278bd02ccd-558fe2b3-ae3d167d {"name":"projects/travelframe-4e1fb/locations/us-central1/operations/operation-1779179663142-652278bd02ccd-558fe2b3-ae3d167d","metadata":{"@type":"type.googleapis.com/google.cloud.functions.v2.OperationMetadata","createTime":"2026-05-19T08:34:24.362682457Z","endTime":"2026-05-19T08:35:29.516975684Z","target":"projects/travelframe-4e1fb/locations/us-central1/functions/reserveBackupUpload","verb":"create","cancelRequested":false,"apiVersion":"v2","requestResource":{"@type":"type.googleapis.com/google.cloud.functions.v2.Function","name":"projects/travelframe-4e1fb/locations/us-central1/functions/reserveBackupUpload","buildConfig":{"runtime":"nodejs20","entryPoint":"reserveBackupUpload","source":{"storageSource":{"bucket":"gcf-v2-sources-453199311544-us-central1","object":"reserveBackupUpload/function-source.zip","generation":"1779179664084796"}},"environmentVariables":{"GOOGLE_NODE_RUN_SCRIPTS":""},"serviceAccount":"projects/travelframe-4e1fb/serviceAccounts/453199311544-compute@developer.gserviceaccount.com","automaticUpdatePolicy":{}},"serviceConfig":{"service":"projects/travelframe-4e1fb/locations/us-central1/services/reservebackupupload","timeoutSeconds":60,"environmentVariables":{"FIREBASE_CONFIG":"{\"projectId\":\"travelframe-4e1fb\",\"storageBucket\":\"travelframe-4e1fb.firebasestorage.app\"}","GCLOUD_PROJECT":"travelframe-4e1fb","EVENTARC_CLOUD_EVENT_SOURCE":"projects/travelframe-4e1fb/locations/us-central1/services/reserveBackupUpload","FUNCTION_TARGET":"reserveBackupUpload","LOG_EXECUTION_ID":"true"},"ingressSettings":"ALLOW_ALL","serviceAccountEmail":"453199311544-compute@developer.gserviceaccount.com","availableMemory":"256Mi","maxInstanceRequestConcurrency":80,"availableCpu":"1"},"labels":{"deployment-tool":"cli-firebase","deployment-callable":"true","firebase-functions-hash":"143ebb8729b199aef3555108906e792a0e5a2cf4"},"environment":"GEN_2"},"stages":[{"name":"BUILD","message":"Build finished","state":"COMPLETE","resource":"projects/453199311544/locations/us-central1/builds/ed013a99-ae70-4456-ba03-dff15f22d2af","resourceUri":"https://console.cloud.google.com/cloud-build/builds;region=us-central1/ed013a99-ae70-4456-ba03-dff15f22d2af?project=453199311544"},{"name":"SERVICE","message":"Creating Cloud Run service","state":"COMPLETE","resource":"projects/travelframe-4e1fb/locations/us-central1/services/reservebackupupload","resourceUri":"https://console.cloud.google.com/run/detail/us-central1/reservebackupupload?project=travelframe-4e1fb"}],"sourceToken":"Cldwcm9qZWN0cy80NTMxOTkzMTE1NDQvbG9jYXRpb25zL3VzLWNlbnRyYWwxL2J1aWxkcy9lZDAxM2E5OS1hZTcwLTQ0NTYtYmEwMy1kZmYxNWYyMmQyYWYSfHVzLWNlbnRyYWwxLWRvY2tlci5wa2cuZGV2L3RyYXZlbGZyYW1lLTRlMWZiL2djZi1hcnRpZmFjdHMvdHJhdmVsZnJhbWUtLTRlMWZiX191cy0tY2VudHJhbDFfX3Jlc2VydmVfYmFja3VwX3VwbG9hZDp2ZXJzaW9uXzEYuOWippgNIk5wcm9qZWN0cy90cmF2ZWxmcmFtZS00ZTFmYi9sb2NhdGlvbnMvdXMtY2VudHJhbDEvZnVuY3Rpb25zL3Jlc2VydmVCYWNrdXBVcGxvYWQqDAjJwbDQBhC4ws/NATIIbm9kZWpzMjA6dgojZ2NyLmlvL2dhZS1ydW50aW1lcy9ub2RlanMyMDpzdGFibGUST3VzLWNlbnRyYWwxLWRvY2tlci5wa2cuZGV2L3NlcnZlcmxlc3MtcnVudGltZXMvZ29vZ2xlLTIyLWZ1bGwvcnVudGltZXMvbm9kZWpzMjBAAQ==","operationType":"CREATE_FUNCTION","buildName":"projects/453199311544/locations/us-central1/builds/ed013a99-ae70-4456-ba03-dff15f22d2af"},"done":true,"response":{"@type":"type.googleapis.com/google.cloud.functions.v2.Function","name":"projects/travelframe-4e1fb/locations/us-central1/functions/reserveBackupUpload","buildConfig":{"build":"projects/453199311544/locations/us-central1/builds/ed013a99-ae70-4456-ba03-dff15f22d2af","runtime":"nodejs20","entryPoint":"reserveBackupUpload","source":{"storageSource":{"bucket":"gcf-v2-sources-453199311544-us-central1","object":"reserveBackupUpload/function-source.zip","generation":"1779179664084796"}},"environmentVariables":{"GOOGLE_NODE_RUN_SCRIPTS":""},"dockerRepository":"projects/travelframe-4e1fb/locations/us-central1/repositories/gcf-artifacts","sourceProvenance":{"resolvedStorageSource":{"bucket":"gcf-v2-sources-453199311544-us-central1","object":"reserveBackupUpload/function-source.zip","generation":"1779179664084796"}},"dockerRegistry":"ARTIFACT_REGISTRY","serviceAccount":"projects/travelframe-4e1fb/serviceAccounts/453199311544-compute@developer.gserviceaccount.com","automaticUpdatePolicy":{}},"serviceConfig":{"service":"projects/travelframe-4e1fb/locations/us-central1/services/reservebackupupload","timeoutSeconds":60,"environmentVariables":{"FIREBASE_CONFIG":"{\"projectId\":\"travelframe-4e1fb\",\"storageBucket\":\"travelframe-4e1fb.firebasestorage.app\"}","GCLOUD_PROJECT":"travelframe-4e1fb","EVENTARC_CLOUD_EVENT_SOURCE":"projects/travelframe-4e1fb/locations/us-central1/services/reserveBackupUpload","FUNCTION_TARGET":"reserveBackupUpload","LOG_EXECUTION_ID":"true"},"ingressSettings":"ALLOW_ALL","uri":"https://reservebackupupload-exodqyi7bq-uc.a.run.app","serviceAccountEmail":"453199311544-compute@developer.gserviceaccount.com","availableMemory":"256Mi","allTrafficOnLatestRevision":true,"revision":"reservebackupupload-00001-fiv","maxInstanceRequestConcurrency":80,"availableCpu":"1"},"state":"ACTIVE","updateTime":"2026-05-19T08:34:24.354791573Z","labels":{"deployment-tool":"cli-firebase","deployment-callable":"true","firebase-functions-hash":"143ebb8729b199aef3555108906e792a0e5a2cf4"},"environment":"GEN_2","url":"https://us-central1-travelframe-4e1fb.cloudfunctions.net/reserveBackupUpload","createTime":"2026-05-19T08:34:24.354791573Z","satisfiesPzi":true}}
[debug] [2026-05-19T08:35:29.777Z] Got source token Cldwcm9qZWN0cy80NTMxOTkzMTE1NDQvbG9jYXRpb25zL3VzLWNlbnRyYWwxL2J1aWxkcy9lZDAxM2E5OS1hZTcwLTQ0NTYtYmEwMy1kZmYxNWYyMmQyYWYSfHVzLWNlbnRyYWwxLWRvY2tlci5wa2cuZGV2L3RyYXZlbGZyYW1lLTRlMWZiL2djZi1hcnRpZmFjdHMvdHJhdmVsZnJhbWUtLTRlMWZiX191cy0tY2VudHJhbDFfX3Jlc2VydmVfYmFja3VwX3VwbG9hZDp2ZXJzaW9uXzEYuOWippgNIk5wcm9qZWN0cy90cmF2ZWxmcmFtZS00ZTFmYi9sb2NhdGlvbnMvdXMtY2VudHJhbDEvZnVuY3Rpb25zL3Jlc2VydmVCYWNrdXBVcGxvYWQqDAjJwbDQBhC4ws/NATIIbm9kZWpzMjA6dgojZ2NyLmlvL2dhZS1ydW50aW1lcy9ub2RlanMyMDpzdGFibGUST3VzLWNlbnRyYWwxLWRvY2tlci5wa2cuZGV2L3NlcnZlcmxlc3MtcnVudGltZXMvZ29vZ2xlLTIyLWZ1bGwvcnVudGltZXMvbm9kZWpzMjBAAQ== for region us-central1
[debug] [2026-05-19T08:35:29.777Z] Checked if tokens are valid: true, expires at: 1779182841239
[debug] [2026-05-19T08:35:29.777Z] Checked if tokens are valid: true, expires at: 1779182841239
[debug] [2026-05-19T08:35:29.777Z] Checked if tokens are valid: true, expires at: 1779182841239
[debug] [2026-05-19T08:35:29.777Z] Checked if tokens are valid: true, expires at: 1779182841239
[debug] [2026-05-19T08:35:29.777Z] Checked if tokens are valid: true, expires at: 1779182841239
[debug] [2026-05-19T08:35:29.777Z] Checked if tokens are valid: true, expires at: 1779182841239
[debug] [2026-05-19T08:35:29.777Z] >>> [apiv2][query] POST https://cloudfunctions.googleapis.com/v2/projects/travelframe-4e1fb/locations/us-central1/functions functionId=completeBackupUpload
[debug] [2026-05-19T08:35:29.777Z] >>> [apiv2][body] POST https://cloudfunctions.googleapis.com/v2/projects/travelframe-4e1fb/locations/us-central1/functions {"name":"projects/travelframe-4e1fb/locations/us-central1/functions/completeBackupUpload","buildConfig":{"runtime":"nodejs20","entryPoint":"completeBackupUpload","source":{"storageSource":{"bucket":"gcf-v2-uploads-453199311544.us-central1.cloudfunctions.appspot.com","object":"802031e1-f344-40c6-a1a6-4b69288176a0.zip"}},"environmentVariables":{"GOOGLE_NODE_RUN_SCRIPTS":""},"sourceToken":"Cldwcm9qZWN0cy80NTMxOTkzMTE1NDQvbG9jYXRpb25zL3VzLWNlbnRyYWwxL2J1aWxkcy9lZDAxM2E5OS1hZTcwLTQ0NTYtYmEwMy1kZmYxNWYyMmQyYWYSfHVzLWNlbnRyYWwxLWRvY2tlci5wa2cuZGV2L3RyYXZlbGZyYW1lLTRlMWZiL2djZi1hcnRpZmFjdHMvdHJhdmVsZnJhbWUtLTRlMWZiX191cy0tY2VudHJhbDFfX3Jlc2VydmVfYmFja3VwX3VwbG9hZDp2ZXJzaW9uXzEYuOWippgNIk5wcm9qZWN0cy90cmF2ZWxmcmFtZS00ZTFmYi9sb2NhdGlvbnMvdXMtY2VudHJhbDEvZnVuY3Rpb25zL3Jlc2VydmVCYWNrdXBVcGxvYWQqDAjJwbDQBhC4ws/NATIIbm9kZWpzMjA6dgojZ2NyLmlvL2dhZS1ydW50aW1lcy9ub2RlanMyMDpzdGFibGUST3VzLWNlbnRyYWwxLWRvY2tlci5wa2cuZGV2L3NlcnZlcmxlc3MtcnVudGltZXMvZ29vZ2xlLTIyLWZ1bGwvcnVudGltZXMvbm9kZWpzMjBAAQ=="},"serviceConfig":{"environmentVariables":{"FIREBASE_CONFIG":"{\"projectId\":\"travelframe-4e1fb\",\"storageBucket\":\"travelframe-4e1fb.firebasestorage.app\"}","GCLOUD_PROJECT":"travelframe-4e1fb","EVENTARC_CLOUD_EVENT_SOURCE":"projects/travelframe-4e1fb/locations/us-central1/services/completeBackupUpload","FUNCTION_TARGET":"completeBackupUpload","LOG_EXECUTION_ID":"true"},"ingressSettings":null,"timeoutSeconds":null,"serviceAccountEmail":null,"availableMemory":"256Mi","minInstanceCount":null,"maxInstanceCount":null,"maxInstanceRequestConcurrency":80,"availableCpu":"1","vpcConnector":null,"vpcConnectorEgressSettings":null,"directVpcNetworkInterface":null,"directVpcEgress":null},"labels":{"deployment-tool":"cli-firebase","deployment-callable":"true","firebase-functions-hash":"143ebb8729b199aef3555108906e792a0e5a2cf4"}}
[debug] [2026-05-19T08:35:29.777Z] >>> [apiv2][query] POST https://cloudfunctions.googleapis.com/v2/projects/travelframe-4e1fb/locations/us-central1/functions functionId=releaseBackupUpload
[debug] [2026-05-19T08:35:29.777Z] >>> [apiv2][body] POST https://cloudfunctions.googleapis.com/v2/projects/travelframe-4e1fb/locations/us-central1/functions {"name":"projects/travelframe-4e1fb/locations/us-central1/functions/releaseBackupUpload","buildConfig":{"runtime":"nodejs20","entryPoint":"releaseBackupUpload","source":{"storageSource":{"bucket":"gcf-v2-uploads-453199311544.us-central1.cloudfunctions.appspot.com","object":"802031e1-f344-40c6-a1a6-4b69288176a0.zip"}},"environmentVariables":{"GOOGLE_NODE_RUN_SCRIPTS":""},"sourceToken":"Cldwcm9qZWN0cy80NTMxOTkzMTE1NDQvbG9jYXRpb25zL3VzLWNlbnRyYWwxL2J1aWxkcy9lZDAxM2E5OS1hZTcwLTQ0NTYtYmEwMy1kZmYxNWYyMmQyYWYSfHVzLWNlbnRyYWwxLWRvY2tlci5wa2cuZGV2L3RyYXZlbGZyYW1lLTRlMWZiL2djZi1hcnRpZmFjdHMvdHJhdmVsZnJhbWUtLTRlMWZiX191cy0tY2VudHJhbDFfX3Jlc2VydmVfYmFja3VwX3VwbG9hZDp2ZXJzaW9uXzEYuOWippgNIk5wcm9qZWN0cy90cmF2ZWxmcmFtZS00ZTFmYi9sb2NhdGlvbnMvdXMtY2VudHJhbDEvZnVuY3Rpb25zL3Jlc2VydmVCYWNrdXBVcGxvYWQqDAjJwbDQBhC4ws/NATIIbm9kZWpzMjA6dgojZ2NyLmlvL2dhZS1ydW50aW1lcy9ub2RlanMyMDpzdGFibGUST3VzLWNlbnRyYWwxLWRvY2tlci5wa2cuZGV2L3NlcnZlcmxlc3MtcnVudGltZXMvZ29vZ2xlLTIyLWZ1bGwvcnVudGltZXMvbm9kZWpzMjBAAQ=="},"serviceConfig":{"environmentVariables":{"FIREBASE_CONFIG":"{\"projectId\":\"travelframe-4e1fb\",\"storageBucket\":\"travelframe-4e1fb.firebasestorage.app\"}","GCLOUD_PROJECT":"travelframe-4e1fb","EVENTARC_CLOUD_EVENT_SOURCE":"projects/travelframe-4e1fb/locations/us-central1/services/releaseBackupUpload","FUNCTION_TARGET":"releaseBackupUpload","LOG_EXECUTION_ID":"true"},"ingressSettings":null,"timeoutSeconds":null,"serviceAccountEmail":null,"availableMemory":"256Mi","minInstanceCount":null,"maxInstanceCount":null,"maxInstanceRequestConcurrency":80,"availableCpu":"1","vpcConnector":null,"vpcConnectorEgressSettings":null,"directVpcNetworkInterface":null,"directVpcEgress":null},"labels":{"deployment-tool":"cli-firebase","deployment-callable":"true","firebase-functions-hash":"143ebb8729b199aef3555108906e792a0e5a2cf4"}}
[debug] [2026-05-19T08:35:29.779Z] >>> [apiv2][query] POST https://cloudfunctions.googleapis.com/v2/projects/travelframe-4e1fb/locations/us-central1/functions functionId=deleteCloudBackupData
[debug] [2026-05-19T08:35:29.779Z] >>> [apiv2][body] POST https://cloudfunctions.googleapis.com/v2/projects/travelframe-4e1fb/locations/us-central1/functions {"name":"projects/travelframe-4e1fb/locations/us-central1/functions/deleteCloudBackupData","buildConfig":{"runtime":"nodejs20","entryPoint":"deleteCloudBackupData","source":{"storageSource":{"bucket":"gcf-v2-uploads-453199311544.us-central1.cloudfunctions.appspot.com","object":"802031e1-f344-40c6-a1a6-4b69288176a0.zip"}},"environmentVariables":{"GOOGLE_NODE_RUN_SCRIPTS":""},"sourceToken":"Cldwcm9qZWN0cy80NTMxOTkzMTE1NDQvbG9jYXRpb25zL3VzLWNlbnRyYWwxL2J1aWxkcy9lZDAxM2E5OS1hZTcwLTQ0NTYtYmEwMy1kZmYxNWYyMmQyYWYSfHVzLWNlbnRyYWwxLWRvY2tlci5wa2cuZGV2L3RyYXZlbGZyYW1lLTRlMWZiL2djZi1hcnRpZmFjdHMvdHJhdmVsZnJhbWUtLTRlMWZiX191cy0tY2VudHJhbDFfX3Jlc2VydmVfYmFja3VwX3VwbG9hZDp2ZXJzaW9uXzEYuOWippgNIk5wcm9qZWN0cy90cmF2ZWxmcmFtZS00ZTFmYi9sb2NhdGlvbnMvdXMtY2VudHJhbDEvZnVuY3Rpb25zL3Jlc2VydmVCYWNrdXBVcGxvYWQqDAjJwbDQBhC4ws/NATIIbm9kZWpzMjA6dgojZ2NyLmlvL2dhZS1ydW50aW1lcy9ub2RlanMyMDpzdGFibGUST3VzLWNlbnRyYWwxLWRvY2tlci5wa2cuZGV2L3NlcnZlcmxlc3MtcnVudGltZXMvZ29vZ2xlLTIyLWZ1bGwvcnVudGltZXMvbm9kZWpzMjBAAQ=="},"serviceConfig":{"environmentVariables":{"FIREBASE_CONFIG":"{\"projectId\":\"travelframe-4e1fb\",\"storageBucket\":\"travelframe-4e1fb.firebasestorage.app\"}","GCLOUD_PROJECT":"travelframe-4e1fb","EVENTARC_CLOUD_EVENT_SOURCE":"projects/travelframe-4e1fb/locations/us-central1/services/deleteCloudBackupData","FUNCTION_TARGET":"deleteCloudBackupData","LOG_EXECUTION_ID":"true"},"ingressSettings":null,"timeoutSeconds":null,"serviceAccountEmail":null,"availableMemory":"256Mi","minInstanceCount":null,"maxInstanceCount":null,"maxInstanceRequestConcurrency":80,"availableCpu":"1","vpcConnector":null,"vpcConnectorEgressSettings":null,"directVpcNetworkInterface":null,"directVpcEgress":null},"labels":{"deployment-tool":"cli-firebase","deployment-callable":"true","firebase-functions-hash":"143ebb8729b199aef3555108906e792a0e5a2cf4"}}
[debug] [2026-05-19T08:35:29.780Z] Checked if tokens are valid: true, expires at: 1779182841239
[debug] [2026-05-19T08:35:29.780Z] Checked if tokens are valid: true, expires at: 1779182841239
[debug] [2026-05-19T08:35:29.780Z] >>> [apiv2][query] POST https://run.googleapis.com/v1/projects/travelframe-4e1fb/locations/us-central1/services/reservebackupupload:setIamPolicy [none]
[debug] [2026-05-19T08:35:29.781Z] >>> [apiv2][body] POST https://run.googleapis.com/v1/projects/travelframe-4e1fb/locations/us-central1/services/reservebackupupload:setIamPolicy {"policy":{"bindings":[{"role":"roles/run.invoker","members":["allUsers"]}],"etag":"","version":3},"updateMask":"bindings,etag,version"}
[debug] [2026-05-19T08:35:31.158Z] <<< [apiv2][status] POST https://run.googleapis.com/v1/projects/travelframe-4e1fb/locations/us-central1/services/reservebackupupload:setIamPolicy 200
[debug] [2026-05-19T08:35:31.158Z] <<< [apiv2][body] POST https://run.googleapis.com/v1/projects/travelframe-4e1fb/locations/us-central1/services/reservebackupupload:setIamPolicy {"version":1,"etag":"BwZSJ4/fhuc=","bindings":[{"role":"roles/run.invoker","members":["allUsers"]}]}
[info] +  functions[reserveBackupUpload(us-central1)] Successful create operation. 
[debug] [2026-05-19T08:35:31.366Z] <<< [apiv2][status] POST https://cloudfunctions.googleapis.com/v2/projects/travelframe-4e1fb/locations/us-central1/functions 200
[debug] [2026-05-19T08:35:31.366Z] <<< [apiv2][body] POST https://cloudfunctions.googleapis.com/v2/projects/travelframe-4e1fb/locations/us-central1/functions {"name":"projects/travelframe-4e1fb/locations/us-central1/operations/operation-1779179730976-652278fdb3fa1-a17250f8-1ca60515","metadata":{"@type":"type.googleapis.com/google.cloud.functions.v2.OperationMetadata","createTime":"2026-05-19T08:35:31.449334123Z","target":"projects/travelframe-4e1fb/locations/us-central1/functions/deleteCloudBackupData","verb":"create","cancelRequested":false,"apiVersion":"v2"},"done":false}
[debug] [2026-05-19T08:35:31.366Z] Checked if tokens are valid: true, expires at: 1779182841239
[debug] [2026-05-19T08:35:31.366Z] Checked if tokens are valid: true, expires at: 1779182841239
[debug] [2026-05-19T08:35:31.367Z] >>> [apiv2][query] GET https://cloudfunctions.googleapis.com/v2/projects/travelframe-4e1fb/locations/us-central1/operations/operation-1779179730976-652278fdb3fa1-a17250f8-1ca60515 [none]
[debug] [2026-05-19T08:35:31.382Z] <<< [apiv2][status] POST https://cloudfunctions.googleapis.com/v2/projects/travelframe-4e1fb/locations/us-central1/functions 200
[debug] [2026-05-19T08:35:31.382Z] <<< [apiv2][body] POST https://cloudfunctions.googleapis.com/v2/projects/travelframe-4e1fb/locations/us-central1/functions {"name":"projects/travelframe-4e1fb/locations/us-central1/operations/operation-1779179730929-652278fda85bf-20ef14b5-645ea97a","metadata":{"@type":"type.googleapis.com/google.cloud.functions.v2.OperationMetadata","createTime":"2026-05-19T08:35:31.471656440Z","target":"projects/travelframe-4e1fb/locations/us-central1/functions/completeBackupUpload","verb":"create","cancelRequested":false,"apiVersion":"v2"},"done":false}
[debug] [2026-05-19T08:35:31.383Z] Checked if tokens are valid: true, expires at: 1779182841239
[debug] [2026-05-19T08:35:31.383Z] Checked if tokens are valid: true, expires at: 1779182841239
[debug] [2026-05-19T08:35:31.383Z] >>> [apiv2][query] GET https://cloudfunctions.googleapis.com/v2/projects/travelframe-4e1fb/locations/us-central1/operations/operation-1779179730929-652278fda85bf-20ef14b5-645ea97a [none]
[debug] [2026-05-19T08:35:31.395Z] <<< [apiv2][status] POST https://cloudfunctions.googleapis.com/v2/projects/travelframe-4e1fb/locations/us-central1/functions 200
[debug] [2026-05-19T08:35:31.395Z] <<< [apiv2][body] POST https://cloudfunctions.googleapis.com/v2/projects/travelframe-4e1fb/locations/us-central1/functions {"name":"projects/travelframe-4e1fb/locations/us-central1/operations/operation-1779179731026-652278fdc0298-1ffa0e26-5e63f3cc","metadata":{"@type":"type.googleapis.com/google.cloud.functions.v2.OperationMetadata","createTime":"2026-05-19T08:35:31.471675181Z","target":"projects/travelframe-4e1fb/locations/us-central1/functions/releaseBackupUpload","verb":"create","cancelRequested":false,"apiVersion":"v2"},"done":false}
[debug] [2026-05-19T08:35:31.395Z] Checked if tokens are valid: true, expires at: 1779182841239
[debug] [2026-05-19T08:35:31.395Z] Checked if tokens are valid: true, expires at: 1779182841239
[debug] [2026-05-19T08:35:31.395Z] >>> [apiv2][query] GET https://cloudfunctions.googleapis.com/v2/projects/travelframe-4e1fb/locations/us-central1/operations/operation-1779179731026-652278fdc0298-1ffa0e26-5e63f3cc [none]
